g/kWh;;
152.87;;
154.66;;
156.87;;
160.48;;
164.48;;
177.46;;
180.66;;
188.28;;
201.25;;
207.70;;
212.19;;
215.21;;
222.45;;
220.99;;
244.70;;
284.48;;
295.31;;
287.02;;
276.77;;
260.54;;
238.88;;
228.78;;
218.84;;
197.03;;
172.39;;
169.41;;
169.34;;
167.66;;
171.01;;
169.22;;
169.58;;
171.00;;
162.85;;
156.44;;
150.00;;
141.85;;
138.10;;
136.39;;
135.25;;
134.42;;
133.52;;
135.27;;
133.78;;
134.03;;
134.11;;
134.81;;
139.78;;
140.80;;
144.24;;
151.97;;
151.60;;
154.58;;
153.99;;
151.31;;
157.20;;
172.92;;
198.34;;
212.03;;
217.31;;
213.80;;
211.27;;
217.84;;
228.98;;
249.80;;
261.18;;
261.13;;
265.71;;
275.40;;
292.18;;
297.38;;
305.76;;
312.17;;
325.22;;
325.28;;
326.26;;
344.87;;
374.81;;
401.74;;
435.52;;
450.53;;
445.51;;
445.02;;
434.54;;
439.64;;
436.19;;
437.39;;
438.93;;
437.58;;
427.86;;
413.58;;
413.97;;
419.53;;
414.92;;
419.67;;
417.00;;
405.07;;
378.17;;
347.23;;
317.56;;
292.49;;
294.77;;
303.31;;
312.19;;
319.98;;
306.33;;
292.86;;
280.06;;
271.59;;
258.85;;
253.60;;
265.52;;
281.22;;
289.37;;
292.22;;
299.57;;
303.19;;
303.40;;
305.00;;
315.13;;
308.24;;
304.12;;
321.51;;
344.97;;
362.55;;
387.49;;
413.55;;
445.26;;
457.58;;
455.84;;
461.31;;
459.23;;
451.86;;
460.71;;
469.31;;
492.44;;
513.64;;
509.97;;
475.39;;
453.01;;
428.06;;
410.42;;
398.88;;
393.30;;
375.97;;
362.99;;
346.15;;
333.95;;
323.30;;
325.23;;
338.51;;
344.77;;
350.10;;
352.93;;
357.59;;
356.98;;
357.84;;
368.88;;
378.09;;
389.53;;
400.49;;
395.66;;
385.19;;
390.50;;
395.30;;
408.28;;
423.18;;
430.88;;
435.36;;
434.35;;
437.07;;
431.94;;
430.20;;
443.53;;
443.70;;
446.34;;
453.12;;
432.16;;
421.13;;
402.89;;
398.41;;
392.34;;
384.84;;
379.03;;
382.51;;
371.72;;
350.71;;
338.23;;
315.49;;
286.40;;
268.01;;
266.30;;
239.60;;
227.44;;
224.31;;
221.86;;
215.94;;
225.50;;
237.00;;
251.26;;
276.36;;
312.61;;
345.72;;
362.40;;
365.23;;
373.38;;
388.10;;
406.18;;
431.91;;
446.79;;
451.84;;
463.29;;
486.79;;
501.27;;
515.98;;
531.11;;
541.40;;
544.55;;
556.75;;
561.13;;
566.62;;
583.49;;
590.08;;
595.53;;
588.19;;
567.24;;
561.67;;
563.10;;
551.41;;
554.88;;
562.13;;
575.04;;
585.43;;
592.69;;
587.11;;
580.37;;
603.64;;
604.87;;
605.49;;
600.90;;
590.88;;
549.60;;
546.92;;
550.11;;
548.94;;
544.03;;
538.40;;
551.45;;
547.93;;
522.13;;
512.76;;
499.30;;
487.06;;
484.64;;
496.04;;
507.20;;
526.39;;
530.11;;
513.64;;
505.94;;
521.76;;
540.96;;
552.09;;
553.04;;
558.59;;
553.28;;
547.03;;
540.72;;
543.23;;
548.63;;
563.66;;
578.53;;
557.87;;
539.41;;
533.95;;
519.30;;
509.09;;
504.69;;
503.22;;
513.47;;
519.48;;
517.27;;
501.38;;
492.23;;
495.71;;
489.67;;
483.06;;
481.38;;
466.44;;
454.20;;
437.69;;
418.20;;
412.41;;
411.91;;
420.87;;
428.24;;
419.24;;
409.26;;
408.13;;
404.62;;
391.30;;
386.64;;
383.05;;
386.97;;
403.37;;
413.13;;
398.26;;
398.61;;
406.46;;
406.45;;
401.45;;
389.32;;
380.57;;
376.90;;
371.50;;
364.87;;
364.89;;
371.53;;
381.87;;
398.22;;
405.73;;
400.90;;
402.18;;
394.92;;
386.07;;
390.56;;
399.78;;
411.47;;
439.94;;
456.77;;
465.38;;
481.25;;
501.30;;
529.42;;
554.07;;
567.33;;
568.42;;
562.93;;
556.96;;
548.92;;
543.06;;
559.12;;
574.71;;
590.41;;
589.42;;
587.95;;
575.17;;
553.54;;
538.29;;
539.42;;
547.09;;
565.92;;
586.73;;
592.11;;
565.60;;
550.18;;
549.89;;
562.85;;
562.01;;
557.94;;
551.84;;
540.73;;
524.02;;
514.81;;
501.51;;
486.44;;
473.02;;
456.00;;
443.21;;
421.93;;
404.67;;
384.79;;
371.20;;
343.27;;
331.53;;
331.96;;
336.33;;
339.16;;
332.05;;
329.34;;
324.39;;
322.49;;
307.91;;
305.57;;
292.86;;
274.20;;
251.65;;
232.08;;
220.97;;
231.46;;
265.23;;
294.08;;
309.96;;
318.01;;
313.60;;
311.59;;
307.65;;
307.73;;
310.79;;
319.31;;
344.15;;
360.25;;
372.09;;
394.82;;
413.19;;
431.51;;
450.03;;
463.64;;
468.81;;
477.15;;
473.52;;
495.87;;
505.33;;
507.58;;
520.64;;
547.36;;
547.53;;
537.32;;
541.95;;
536.23;;
516.76;;
514.59;;
524.48;;
527.79;;
533.62;;
538.83;;
515.60;;
522.44;;
519.20;;
515.43;;
507.31;;
496.95;;
483.76;;
462.38;;
450.70;;
440.86;;
447.31;;
457.06;;
449.26;;
459.69;;
445.10;;
432.81;;
413.39;;
402.67;;
392.36;;
378.19;;
372.63;;
362.04;;
356.08;;
350.46;;
339.40;;
330.85;;
318.62;;
289.17;;
271.29;;
270.89;;
264.98;;
258.67;;
241.31;;
235.55;;
238.14;;
238.01;;
254.83;;
281.51;;
303.28;;
315.97;;
313.25;;
316.37;;
304.26;;
292.74;;
294.87;;
307.84;;
323.77;;
334.27;;
336.31;;
339.13;;
346.88;;
354.85;;
354.51;;
355.63;;
348.62;;
347.90;;
347.73;;
348.55;;
350.68;;
360.52;;
375.80;;
388.72;;
390.82;;
385.67;;
388.39;;
386.81;;
385.14;;
379.79;;
377.11;;
385.23;;
381.62;;
381.41;;
368.14;;
359.10;;
359.79;;
348.26;;
335.18;;
334.25;;
321.67;;
316.93;;
311.43;;
314.10;;
330.11;;
345.82;;
366.64;;
395.50;;
423.21;;
442.25;;
449.98;;
452.47;;
451.09;;
457.03;;
462.90;;
467.16;;
485.80;;
492.64;;
481.26;;
474.73;;
483.22;;
502.01;;
506.16;;
512.37;;
513.95;;
516.76;;
513.28;;
514.65;;
512.67;;
515.94;;
515.03;;
510.73;;
521.54;;
531.76;;
537.89;;
528.87;;
520.09;;
518.23;;
527.39;;
543.10;;
558.49;;
565.60;;
561.53;;
556.45;;
559.35;;
577.76;;
574.83;;
573.15;;
565.27;;
555.44;;
552.32;;
539.84;;
529.62;;
536.57;;
547.67;;
557.79;;
538.32;;
530.12;;
521.06;;
515.72;;
510.02;;
508.07;;
513.17;;
526.55;;
548.20;;
545.72;;
529.04;;
528.64;;
544.60;;
556.12;;
571.74;;
575.17;;
560.50;;
547.57;;
543.02;;
534.63;;
527.55;;
531.39;;
540.95;;
552.68;;
542.17;;
532.67;;
528.75;;
518.21;;
513.38;;
508.50;;
510.51;;
514.99;;
531.16;;
539.45;;
528.52;;
538.04;;
540.83;;
555.77;;
557.60;;
551.51;;
533.74;;
511.70;;
498.51;;
480.17;;
466.96;;
469.59;;
467.59;;
473.58;;
456.60;;
453.66;;
448.58;;
433.65;;
423.69;;
422.31;;
417.83;;
415.16;;
410.60;;
418.17;;
401.83;;
390.86;;
387.54;;
382.52;;
372.83;;
368.92;;
341.58;;
330.87;;
314.06;;
299.95;;
291.22;;
294.27;;
297.63;;
295.65;;
298.78;;
315.68;;
313.72;;
308.67;;
304.20;;
304.26;;
303.29;;
305.83;;
313.27;;
311.48;;
303.23;;
300.64;;
293.73;;
276.42;;
264.39;;
257.71;;
245.93;;
225.65;;
217.40;;
214.39;;
217.84;;
234.05;;
262.06;;
294.07;;
323.10;;
335.82;;
339.37;;
333.85;;
342.68;;
353.35;;
358.52;;
370.44;;
398.66;;
416.54;;
410.79;;
404.16;;
404.73;;
391.09;;
380.10;;
364.63;;
328.80;;
294.03;;
272.46;;
239.36;;
215.96;;
199.01;;
191.62;;
187.54;;
195.43;;
197.26;;
199.11;;
188.89;;
192.23;;
187.72;;
184.00;;
183.09;;
191.94;;
194.96;;
195.72;;
187.94;;
187.35;;
173.11;;
171.94;;
174.82;;
174.20;;
174.39;;
171.41;;
167.32;;
169.12;;
170.09;;
168.17;;
167.85;;
170.40;;
168.66;;
159.99;;
158.31;;
154.64;;
155.19;;
154.44;;
169.60;;
192.27;;
242.84;;
296.50;;
318.41;;
335.67;;
352.27;;
371.37;;
387.72;;
382.79;;
368.18;;
346.35;;
328.94;;
332.31;;
351.32;;
366.48;;
373.40;;
385.56;;
382.20;;
385.92;;
391.31;;
390.56;;
399.15;;
404.12;;
409.25;;
413.97;;
416.35;;
403.79;;
386.53;;
400.38;;
403.23;;
393.51;;
397.20;;
384.42;;
384.48;;
380.19;;
369.66;;
368.13;;
356.45;;
356.42;;
350.46;;
337.86;;
323.25;;
305.31;;
290.85;;
276.68;;
274.23;;
258.37;;
248.97;;
246.80;;
240.12;;
240.22;;
239.09;;
241.83;;
228.50;;
218.98;;
220.90;;
208.77;;
186.62;;
186.86;;
189.66;;
189.70;;
190.51;;
206.77;;
229.32;;
254.38;;
274.40;;
272.32;;
265.24;;
262.81;;
259.05;;
264.37;;
284.88;;
322.41;;
377.84;;
399.17;;
409.29;;
420.49;;
440.61;;
446.60;;
445.84;;
436.83;;
426.45;;
421.90;;
420.81;;
411.02;;
412.22;;
428.11;;
426.16;;
408.31;;
400.81;;
399.96;;
394.40;;
396.23;;
398.13;;
412.49;;
425.82;;
435.88;;
441.95;;
431.05;;
423.95;;
429.09;;
439.25;;
438.94;;
436.71;;
419.54;;
400.23;;
387.44;;
379.55;;
370.86;;
368.28;;
371.59;;
367.92;;
344.27;;
328.48;;
315.85;;
304.19;;
295.89;;
270.98;;
261.49;;
261.00;;
272.17;;
276.91;;
279.60;;
262.57;;
259.35;;
239.65;;
221.83;;
216.28;;
196.45;;
193.46;;
182.27;;
178.73;;
177.54;;
179.86;;
182.32;;
189.33;;
206.89;;
218.17;;
213.28;;
198.87;;
174.63;;
160.71;;
150.04;;
149.27;;
170.87;;
192.46;;
194.81;;
185.31;;
167.60;;
155.09;;
153.30;;
153.03;;
151.75;;
147.81;;
149.92;;
150.96;;
152.34;;
152.17;;
151.89;;
151.57;;
149.51;;
142.93;;
138.54;;
138.00;;
139.61;;
142.10;;
146.36;;
148.12;;
147.47;;
153.80;;
162.25;;
168.24;;
174.49;;
167.83;;
174.12;;
177.84;;
180.34;;
165.11;;
154.89;;
152.27;;
150.42;;
157.14;;
173.27;;
204.74;;
215.75;;
228.74;;
236.22;;
226.88;;
227.14;;
234.04;;
239.13;;
246.24;;
265.15;;
286.58;;
306.81;;
311.38;;
313.73;;
320.35;;
313.28;;
301.40;;
299.00;;
303.83;;
300.35;;
286.70;;
278.20;;
271.53;;
283.25;;
305.01;;
300.28;;
299.42;;
291.06;;
273.81;;
269.03;;
267.93;;
270.25;;
278.90;;
292.02;;
307.68;;
310.81;;
309.99;;
319.23;;
327.80;;
328.60;;
333.77;;
321.60;;
307.20;;
302.72;;
299.07;;
293.42;;
306.90;;
330.38;;
342.39;;
346.55;;
338.92;;
335.38;;
319.94;;
308.59;;
299.54;;
304.23;;
315.85;;
350.99;;
390.95;;
400.14;;
406.83;;
421.02;;
438.37;;
456.11;;
472.04;;
478.53;;
475.38;;
466.79;;
469.07;;
470.94;;
471.79;;
464.22;;
452.21;;
438.88;;
415.40;;
396.06;;
383.24;;
370.76;;
364.60;;
371.56;;
391.43;;
405.75;;
423.99;;
424.71;;
422.84;;
430.64;;
436.44;;
443.08;;
448.94;;
452.45;;
430.33;;
406.44;;
399.08;;
398.30;;
390.53;;
395.47;;
403.87;;
394.52;;
381.89;;
372.13;;
344.21;;
317.47;;
304.35;;
305.65;;
326.92;;
363.71;;
406.31;;
434.27;;
443.82;;
469.37;;
496.29;;
532.05;;
559.13;;
570.71;;
557.19;;
541.25;;
532.46;;
521.28;;
505.39;;
489.55;;
473.13;;
451.77;;
414.24;;
350.28;;
310.17;;
290.66;;
250.05;;
232.62;;
243.63;;
311.47;;
384.03;;
388.25;;
372.43;;
357.70;;
349.85;;
326.40;;
316.94;;
311.33;;
296.96;;
290.61;;
288.54;;
292.54;;
290.69;;
279.00;;
270.72;;
249.32;;
221.00;;
189.68;;
180.32;;
174.67;;
175.28;;
176.52;;
175.65;;
192.83;;
244.65;;
258.49;;
237.38;;
220.68;;
215.98;;
204.38;;
207.78;;
200.97;;
190.91;;
184.24;;
187.58;;
188.17;;
191.70;;
215.74;;
248.22;;
272.91;;
269.87;;
244.03;;
234.32;;
228.85;;
238.58;;
265.90;;
297.29;;
333.23;;
356.51;;
356.45;;
349.09;;
352.59;;
353.39;;
343.32;;
347.71;;
335.94;;
335.34;;
337.94;;
349.19;;
357.25;;
374.84;;
400.25;;
406.33;;
412.23;;
403.95;;
402.91;;
388.43;;
369.48;;
358.73;;
357.73;;
357.96;;
365.45;;
371.43;;
366.97;;
333.73;;
305.98;;
274.58;;
246.79;;
246.56;;
232.24;;
214.03;;
213.75;;
217.08;;
222.66;;
224.41;;
230.65;;
246.36;;
255.67;;
247.05;;
243.65;;
239.34;;
235.86;;
242.88;;
249.53;;
251.10;;
252.03;;
255.62;;
252.40;;
244.99;;
239.38;;
220.49;;
207.56;;
200.78;;
177.00;;
164.98;;
160.35;;
163.87;;
169.20;;
173.91;;
188.39;;
200.45;;
201.54;;
192.01;;
182.20;;
167.03;;
153.59;;
148.23;;
148.91;;
155.23;;
166.82;;
178.27;;
193.66;;
194.90;;
199.58;;
201.19;;
197.10;;
208.25;;
202.03;;
184.48;;
193.19;;
204.43;;
240.30;;
271.68;;
296.29;;
300.69;;
298.89;;
282.60;;
272.53;;
260.10;;
242.75;;
234.72;;
217.21;;
208.07;;
209.00;;
217.65;;
222.51;;
225.68;;
234.59;;
243.55;;
230.51;;
215.49;;
199.22;;
174.02;;
166.07;;
159.75;;
153.54;;
152.13;;
157.00;;
158.85;;
158.29;;
153.19;;
145.72;;
141.47;;
140.60;;
144.37;;
149.30;;
151.83;;
149.83;;
164.09;;
201.33;;
211.74;;
207.57;;
193.02;;
192.88;;
198.78;;
215.10;;
227.80;;
232.50;;
237.29;;
233.03;;
219.48;;
204.27;;
195.93;;
185.26;;
173.15;;
162.83;;
159.85;;
153.51;;
143.74;;
139.90;;
139.75;;
140.57;;
142.32;;
142.47;;
144.75;;
146.13;;
150.10;;
151.76;;
157.41;;
159.47;;
151.79;;
150.62;;
153.63;;
155.42;;
155.45;;
164.29;;
173.38;;
180.84;;
186.04;;
181.32;;
175.43;;
178.60;;
185.54;;
188.14;;
205.89;;
220.40;;
227.87;;
233.80;;
226.93;;
229.51;;
227.89;;
221.99;;
228.93;;
219.48;;
206.04;;
202.17;;
197.18;;
210.39;;
224.80;;
253.78;;
281.44;;
303.90;;
323.53;;
319.03;;
313.60;;
305.68;;
301.33;;
297.09;;
307.55;;
318.29;;
324.48;;
310.87;;
294.80;;
280.62;;
260.31;;
246.31;;
242.79;;
228.99;;
224.42;;
231.38;;
244.68;;
256.96;;
283.30;;
307.19;;
322.06;;
322.16;;
315.64;;
308.31;;
293.31;;
278.32;;
256.56;;
252.64;;
269.39;;
313.74;;
371.70;;
403.17;;
396.79;;
385.91;;
380.06;;
372.81;;
371.33;;
352.20;;
340.68;;
334.62;;
328.03;;
324.17;;
320.41;;
341.69;;
354.46;;
349.86;;
348.02;;
337.56;;
319.43;;
293.30;;
269.07;;
256.75;;
257.87;;
267.45;;
275.17;;
296.36;;
294.64;;
282.96;;
274.95;;
277.10;;
290.91;;
288.53;;
275.25;;
267.68;;
265.32;;
264.25;;
268.14;;
280.85;;
286.26;;
285.04;;
272.31;;
247.02;;
227.51;;
226.13;;
230.54;;
243.37;;
262.98;;
291.14;;
328.95;;
338.35;;
341.21;;
348.81;;
357.38;;
360.32;;
371.42;;
373.53;;
380.19;;
403.31;;
427.66;;
448.41;;
481.47;;
502.22;;
527.96;;
532.48;;
510.35;;
508.21;;
484.63;;
462.52;;
454.60;;
449.22;;
468.44;;
506.71;;
551.00;;
576.43;;
548.38;;
535.05;;
542.49;;
538.45;;
524.38;;
501.08;;
480.24;;
473.41;;
455.52;;
473.09;;
479.40;;
481.28;;
475.53;;
461.19;;
421.46;;
373.35;;
330.13;;
299.64;;
268.76;;
258.05;;
268.73;;
317.58;;
398.54;;
451.15;;
431.99;;
424.04;;
416.78;;
418.27;;
428.36;;
435.09;;
434.31;;
443.70;;
457.59;;
476.89;;
488.61;;
494.98;;
481.78;;
464.98;;
441.63;;
418.01;;
404.27;;
380.31;;
358.50;;
347.30;;
358.64;;
398.04;;
441.80;;
452.82;;
426.26;;
414.59;;
412.78;;
398.56;;
395.26;;
386.98;;
392.84;;
395.64;;
402.33;;
428.41;;
454.37;;
470.44;;
466.40;;
442.64;;
435.46;;
418.60;;
398.51;;
385.19;;
385.26;;
402.77;;
442.24;;
491.73;;
537.95;;
569.53;;
554.01;;
549.11;;
561.18;;
576.01;;
590.27;;
597.60;;
598.33;;
583.69;;
577.91;;
568.60;;
570.50;;
591.30;;
585.78;;
557.46;;
527.13;;
497.32;;
474.41;;
450.46;;
442.97;;
447.02;;
458.28;;
488.30;;
533.69;;
566.50;;
549.27;;
542.81;;
558.04;;
571.93;;
575.91;;
579.52;;
585.36;;
578.07;;
567.67;;
564.03;;
563.97;;
566.22;;
558.03;;
523.81;;
479.42;;
449.58;;
421.22;;
400.18;;
384.27;;
387.84;;
399.28;;
433.10;;
485.14;;
521.46;;
496.86;;
482.78;;
497.73;;
505.59;;
514.38;;
514.99;;
524.58;;
517.48;;
524.67;;
531.96;;
539.21;;
555.34;;
551.35;;
525.51;;
489.24;;
461.07;;
433.20;;
408.25;;
390.25;;
395.28;;
418.09;;
451.27;;
483.76;;
499.40;;
480.76;;
475.45;;
488.26;;
495.17;;
501.53;;
500.85;;
498.30;;
505.62;;
511.41;;
518.48;;
524.61;;
535.29;;
536.91;;
522.84;;
474.24;;
430.33;;
384.41;;
373.42;;
385.20;;
401.42;;
427.65;;
472.03;;
513.22;;
537.87;;
508.29;;
497.51;;
508.15;;
536.20;;
546.76;;
562.29;;
570.88;;
578.09;;
577.72;;
569.80;;
571.46;;
576.23;;
574.12;;
563.96;;
518.40;;
464.60;;
441.87;;
425.11;;
421.52;;
419.19;;
430.13;;
458.59;;
508.93;;
549.22;;
555.45;;
547.87;;
564.76;;
574.26;;
575.39;;
579.62;;
590.89;;
593.22;;
596.71;;
594.32;;
589.26;;
566.71;;
522.27;;
494.45;;
462.86;;
434.26;;
404.82;;
386.75;;
369.65;;
367.09;;
383.75;;
423.84;;
466.85;;
514.46;;
517.50;;
500.37;;
507.29;;
520.27;;
517.44;;
519.96;;
538.09;;
531.94;;
523.45;;
530.81;;
535.62;;
540.15;;
517.94;;
468.29;;
432.39;;
389.20;;
359.03;;
326.51;;
309.29;;
311.10;;
328.21;;
365.23;;
421.15;;
475.75;;
458.70;;
444.54;;
452.27;;
461.46;;
469.39;;
480.59;;
488.66;;
489.08;;
499.87;;
518.50;;
544.05;;
547.23;;
515.39;;
485.98;;
446.77;;
422.28;;
394.98;;
371.44;;
355.27;;
356.89;;
372.98;;
420.05;;
479.78;;
520.29;;
499.97;;
471.95;;
469.22;;
466.46;;
476.63;;
482.98;;
497.85;;
496.21;;
493.36;;
486.01;;
486.74;;
493.81;;
469.97;;
433.12;;
401.50;;
389.33;;
359.73;;
322.10;;
306.88;;
293.48;;
300.47;;
322.77;;
350.45;;
374.61;;
353.66;;
347.12;;
347.23;;
329.17;;
327.30;;
321.52;;
311.05;;
308.36;;
303.69;;
302.64;;
312.77;;
318.51;;
308.22;;
296.87;;
287.06;;
260.83;;
224.03;;
200.89;;
195.67;;
199.46;;
206.37;;
216.01;;
246.35;;
284.11;;
280.08;;
278.40;;
285.04;;
283.84;;
285.11;;
288.01;;
277.59;;
283.91;;
281.15;;
285.77;;
290.00;;
302.54;;
298.99;;
290.45;;
280.70;;
268.78;;
246.39;;
234.84;;
241.95;;
255.50;;
283.51;;
326.56;;
369.75;;
394.34;;
374.78;;
346.30;;
331.25;;
339.77;;
352.75;;
360.62;;
366.86;;
370.37;;
370.35;;
365.49;;
368.23;;
356.10;;
351.02;;
334.79;;
296.59;;
263.92;;
237.47;;
214.75;;
207.14;;
209.76;;
220.52;;
239.91;;
298.89;;
361.99;;
363.82;;
361.57;;
358.67;;
358.55;;
370.98;;
383.07;;
394.94;;
397.18;;
415.42;;
433.80;;
446.14;;
464.10;;
463.64;;
457.87;;
441.10;;
425.64;;
410.34;;
406.70;;
406.48;;
415.16;;
427.81;;
454.33;;
486.96;;
520.20;;
508.64;;
498.97;;
505.23;;
512.32;;
516.03;;
528.28;;
538.98;;
548.51;;
546.29;;
535.94;;
550.41;;
576.09;;
571.96;;
548.67;;
524.35;;
507.78;;
504.17;;
500.97;;
505.40;;
518.25;;
534.67;;
560.71;;
574.00;;
563.93;;
544.90;;
532.96;;
545.48;;
562.36;;
571.15;;
576.59;;
586.95;;
588.93;;
575.07;;
565.58;;
554.43;;
552.84;;
542.50;;
510.34;;
465.88;;
444.15;;
423.46;;
399.87;;
375.12;;
373.34;;
384.07;;
413.16;;
436.23;;
443.39;;
419.86;;
400.45;;
389.14;;
371.65;;
376.75;;
361.31;;
339.09;;
332.54;;
332.33;;
334.87;;
348.52;;
362.70;;
378.30;;
390.54;;
380.54;;
383.62;;
387.23;;
383.91;;
386.13;;
392.39;;
409.04;;
429.31;;
451.86;;
473.56;;
465.81;;
467.97;;
477.96;;
489.21;;
500.05;;
505.43;;
499.94;;
485.35;;
477.34;;
482.05;;
504.89;;
506.74;;
500.78;;
475.48;;
452.57;;
425.46;;
393.26;;
368.67;;
345.68;;
335.26;;
343.67;;
373.41;;
418.74;;
452.24;;
444.76;;
425.17;;
418.87;;
420.16;;
418.10;;
401.62;;
401.07;;
397.65;;
389.01;;
385.08;;
382.47;;
385.21;;
376.04;;
359.89;;
325.34;;
309.69;;
248.73;;
200.21;;
187.40;;
189.84;;
190.63;;
193.97;;
208.74;;
255.15;;
272.34;;
270.50;;
264.00;;
258.06;;
260.60;;
262.30;;
239.68;;
227.31;;
227.07;;
222.66;;
216.72;;
212.57;;
205.19;;
196.60;;
181.83;;
170.29;;
162.80;;
161.84;;
167.49;;
171.78;;
176.65;;
184.45;;
203.07;;
261.61;;
294.44;;
299.42;;
313.95;;
320.30;;
336.62;;
343.88;;
340.70;;
348.18;;
356.91;;
369.60;;
402.91;;
432.33;;
436.72;;
415.11;;
388.03;;
376.93;;
358.50;;
344.36;;
337.29;;
338.63;;
366.34;;
415.01;;
471.58;;
511.89;;
509.78;;
483.42;;
479.66;;
489.82;;
495.96;;
494.61;;
507.01;;
514.32;;
524.64;;
522.47;;
536.30;;
556.27;;
544.96;;
496.00;;
459.32;;
421.00;;
389.96;;
367.04;;
357.04;;
363.38;;
383.30;;
425.31;;
490.12;;
544.45;;
549.90;;
525.44;;
543.76;;
562.25;;
571.10;;
581.80;;
590.20;;
593.55;;
603.58;;
605.26;;
603.90;;
604.89;;
588.33;;
531.82;;
474.95;;
434.67;;
399.27;;
381.38;;
369.32;;
374.12;;
397.01;;
446.34;;
506.12;;
554.28;;
561.37;;
539.21;;
547.39;;
552.21;;
559.21;;
565.08;;
587.74;;
599.66;;
607.81;;
610.04;;
607.81;;
610.09;;
577.65;;
522.81;;
476.54;;
444.85;;
398.59;;
375.81;;
363.13;;
372.66;;
402.05;;
447.91;;
508.51;;
557.40;;
558.47;;
543.20;;
543.23;;
556.32;;
568.10;;
577.94;;
586.47;;
591.81;;
593.43;;
596.96;;
602.30;;
602.32;;
568.71;;
496.62;;
455.74;;
418.08;;
374.80;;
348.64;;
328.48;;
329.53;;
355.29;;
409.82;;
467.93;;
525.13;;
521.95;;
506.47;;
512.82;;
509.88;;
508.86;;
499.54;;
505.12;;
508.19;;
497.12;;
482.24;;
471.82;;
463.62;;
433.34;;
399.25;;
351.64;;
318.28;;
280.30;;
262.84;;
253.38;;
251.36;;
271.28;;
325.40;;
401.73;;
472.05;;
485.70;;
481.24;;
497.85;;
515.76;;
535.59;;
548.68;;
555.37;;
568.23;;
585.72;;
596.41;;
603.64;;
593.00;;
583.56;;
524.30;;
459.52;;
399.95;;
356.76;;
316.00;;
287.16;;
281.95;;
297.08;;
351.36;;
436.02;;
517.86;;
535.07;;
521.06;;
531.60;;
557.36;;
559.58;;
563.18;;
567.01;;
567.38;;
562.94;;
564.91;;
568.77;;
552.65;;
527.31;;
493.03;;
460.51;;
424.49;;
383.33;;
346.53;;
328.92;;
320.82;;
332.22;;
368.34;;
417.75;;
477.56;;
491.42;;
491.34;;
509.86;;
518.91;;
524.41;;
532.30;;
529.89;;
526.13;;
525.97;;
531.24;;
545.50;;
540.96;;
515.35;;
493.03;;
476.06;;
452.79;;
432.72;;
404.70;;
393.61;;
391.01;;
401.48;;
427.41;;
471.47;;
501.80;;
512.24;;
526.19;;
548.48;;
557.52;;
570.82;;
573.48;;
581.54;;
580.39;;
589.05;;
584.41;;
597.84;;
589.01;;
556.49;;
533.69;;
518.95;;
507.75;;
498.68;;
502.65;;
502.93;;
505.47;;
517.45;;
523.10;;
534.22;;
533.34;;
524.25;;
528.55;;
527.28;;
531.63;;
530.15;;
499.39;;
490.15;;
482.33;;
460.42;;
452.86;;
450.71;;
437.67;;
418.80;;
412.36;;
403.47;;
401.50;;
389.80;;
379.01;;
368.48;;
357.43;;
361.59;;
363.61;;
371.58;;
371.66;;
370.98;;
367.08;;
356.05;;
351.08;;
350.99;;
337.89;;
333.20;;
318.39;;
323.51;;
331.48;;
339.04;;
353.13;;
347.70;;
332.35;;
326.62;;
324.83;;
318.40;;
316.24;;
312.16;;
310.22;;
317.74;;
323.86;;
335.15;;
344.84;;
352.94;;
359.04;;
351.39;;
345.81;;
343.72;;
347.01;;
361.27;;
373.68;;
380.19;;
380.54;;
385.34;;
392.41;;
396.12;;
387.69;;
376.01;;
347.68;;
329.24;;
325.18;;
314.29;;
311.98;;
324.76;;
347.00;;
378.19;;
394.76;;
414.07;;
428.75;;
444.23;;
474.31;;
485.58;;
484.19;;
496.43;;
504.23;;
499.54;;
494.47;;
498.56;;
497.57;;
484.08;;
469.81;;
449.65;;
400.73;;
363.42;;
337.11;;
309.83;;
304.15;;
311.51;;
322.75;;
357.79;;
382.17;;
400.88;;
402.20;;
399.31;;
387.71;;
375.54;;
362.20;;
338.68;;
313.61;;
299.28;;
292.61;;
305.63;;
297.80;;
278.13;;
257.86;;
226.30;;
203.49;;
181.92;;
177.95;;
176.44;;
180.54;;
180.12;;
181.43;;
194.04;;
203.65;;
206.01;;
202.57;;
206.22;;
211.02;;
206.28;;
203.61;;
201.47;;
202.36;;
209.01;;
246.90;;
302.00;;
343.18;;
365.04;;
364.87;;
369.82;;
376.48;;
374.35;;
377.46;;
380.93;;
385.98;;
398.53;;
406.24;;
414.38;;
418.97;;
416.65;;
412.09;;
401.81;;
390.92;;
373.20;;
359.36;;
349.07;;
338.60;;
333.20;;
324.88;;
321.53;;
317.42;;
306.14;;
299.06;;
283.31;;
260.65;;
240.66;;
214.04;;
192.68;;
181.02;;
183.74;;
199.45;;
244.37;;
277.68;;
279.83;;
280.04;;
274.53;;
263.03;;
213.08;;
192.46;;
194.52;;
195.36;;
197.98;;
203.32;;
213.98;;
221.44;;
216.27;;
211.07;;
203.77;;
194.50;;
194.90;;
191.73;;
182.58;;
178.63;;
179.75;;
187.01;;
190.64;;
202.13;;
207.09;;
200.72;;
191.16;;
192.78;;
189.75;;
192.47;;
188.67;;
190.62;;
190.45;;
195.27;;
219.58;;
260.35;;
270.23;;
272.97;;
266.21;;
268.28;;
272.10;;
282.51;;
302.86;;
321.53;;
342.30;;
366.34;;
377.68;;
398.39;;
417.13;;
418.64;;
415.19;;
407.85;;
396.53;;
376.58;;
366.07;;
331.52;;
306.57;;
289.67;;
280.11;;
275.95;;
271.73;;
252.28;;
209.56;;
172.80;;
164.65;;
160.16;;
164.64;;
170.78;;
172.06;;
173.25;;
187.30;;
228.46;;
264.29;;
267.70;;
273.90;;
276.60;;
260.26;;
235.92;;
223.61;;
222.37;;
220.23;;
224.76;;
233.15;;
224.64;;
225.54;;
208.64;;
190.54;;
178.99;;
175.24;;
174.76;;
180.78;;
187.92;;
199.40;;
211.05;;
244.53;;
337.57;;
412.55;;
437.95;;
455.10;;
476.13;;
482.14;;
490.70;;
503.39;;
508.07;;
519.17;;
526.15;;
526.62;;
514.15;;
486.27;;
452.79;;
418.78;;
374.73;;
347.94;;
331.57;;
322.76;;
325.25;;
342.08;;
382.57;;
428.92;;
475.55;;
498.07;;
485.69;;
481.89;;
470.26;;
464.10;;
438.19;;
422.17;;
408.27;;
402.13;;
405.89;;
415.84;;
397.87;;
379.65;;
364.35;;
354.17;;
316.51;;
282.96;;
246.78;;
230.55;;
234.21;;
254.92;;
296.15;;
335.13;;
358.07;;
360.67;;
367.05;;
366.90;;
374.04;;
371.10;;
369.15;;
368.10;;
375.60;;
382.72;;
400.60;;
420.70;;
432.50;;
413.94;;
403.31;;
399.87;;
373.39;;
350.16;;
331.65;;
328.00;;
334.17;;
348.00;;
390.74;;
440.33;;
486.33;;
495.16;;
504.72;;
516.85;;
526.80;;
532.80;;
519.82;;
499.68;;
473.27;;
473.16;;
476.75;;
495.06;;
506.13;;
476.09;;
449.80;;
428.38;;
395.17;;
362.44;;
341.82;;
341.69;;
344.94;;
353.43;;
378.47;;
410.97;;
446.71;;
464.83;;
469.50;;
478.04;;
499.48;;
507.98;;
505.20;;
498.29;;
501.55;;
494.20;;
491.73;;
485.24;;
481.23;;
468.54;;
434.38;;
400.59;;
364.95;;
343.47;;
333.95;;
326.86;;
324.02;;
332.13;;
358.51;;
391.16;;
426.37;;
450.91;;
441.96;;
451.84;;
450.51;;
430.84;;
437.87;;
429.93;;
425.99;;
403.31;;
400.11;;
404.34;;
404.92;;
406.92;;
389.59;;
356.49;;
311.98;;
277.71;;
243.75;;
207.50;;
201.14;;
205.20;;
234.70;;
315.49;;
381.85;;
416.75;;
419.35;;
407.54;;
403.90;;
397.66;;
400.62;;
407.39;;
403.88;;
405.37;;
429.81;;
449.99;;
451.55;;
418.56;;
373.45;;
322.77;;
252.63;;
216.23;;
201.04;;
199.82;;
202.62;;
208.12;;
229.00;;
271.42;;
375.14;;
417.27;;
412.37;;
399.05;;
389.43;;
381.25;;
382.39;;
369.85;;
370.37;;
383.11;;
411.26;;
437.56;;
441.22;;
415.94;;
371.17;;
328.75;;
275.05;;
235.10;;
214.66;;
210.48;;
214.70;;
228.65;;
282.98;;
370.90;;
447.01;;
482.27;;
492.64;;
499.20;;
490.88;;
502.47;;
497.03;;
494.84;;
504.79;;
516.00;;
508.63;;
506.34;;
487.95;;
441.20;;
413.36;;
377.21;;
337.36;;
300.00;;
280.87;;
273.69;;
276.39;;
289.56;;
314.17;;
348.69;;
379.22;;
408.63;;
412.70;;
413.41;;
423.54;;
432.91;;
438.40;;
443.97;;
447.97;;
452.06;;
464.45;;
473.66;;
461.44;;
437.97;;
409.86;;
386.75;;
346.40;;
315.12;;
301.74;;
297.00;;
297.62;;
305.40;;
325.57;;
364.82;;
409.64;;
429.57;;
429.84;;
439.05;;
448.02;;
446.70;;
453.37;;
451.98;;
460.05;;
464.03;;
470.88;;
480.10;;
478.49;;
449.79;;
443.30;;
416.56;;
382.24;;
353.84;;
340.39;;
329.15;;
334.92;;
351.23;;
362.33;;
380.29;;
397.94;;
410.17;;
412.28;;
413.03;;
407.88;;
392.54;;
379.74;;
375.83;;
377.77;;
374.43;;
377.04;;
387.47;;
398.84;;
380.73;;
351.28;;
328.13;;
306.61;;
277.96;;
249.68;;
225.70;;
209.41;;
220.77;;
249.53;;
273.61;;
283.35;;
295.56;;
310.44;;
320.03;;
327.91;;
327.87;;
332.22;;
333.94;;
339.20;;
343.66;;
345.89;;
344.17;;
336.10;;
326.99;;
307.40;;
267.85;;
198.61;;
168.13;;
160.69;;
161.66;;
164.03;;
167.25;;
182.57;;
243.09;;
275.50;;
291.46;;
296.92;;
291.87;;
296.02;;
295.55;;
286.58;;
270.12;;
266.73;;
267.38;;
270.92;;
283.26;;
297.55;;
311.87;;
304.66;;
261.46;;
205.72;;
185.96;;
179.38;;
183.35;;
189.33;;
199.48;;
247.76;;
314.35;;
346.36;;
372.57;;
386.93;;
401.01;;
411.37;;
427.91;;
427.70;;
438.11;;
446.40;;
468.90;;
492.74;;
497.54;;
503.60;;
491.65;;
473.86;;
461.90;;
447.63;;
428.77;;
416.02;;
404.46;;
402.65;;
408.65;;
424.64;;
456.43;;
486.47;;
511.77;;
517.58;;
523.02;;
541.66;;
545.78;;
537.38;;
538.59;;
532.37;;
540.91;;
550.54;;
561.34;;
548.52;;
518.52;;
491.25;;
463.70;;
444.11;;
431.05;;
430.46;;
422.64;;
413.95;;
418.31;;
434.46;;
464.27;;
494.37;;
523.16;;
531.26;;
538.84;;
551.29;;
552.10;;
556.86;;
566.15;;
560.42;;
566.54;;
570.87;;
577.78;;
561.86;;
522.58;;
492.06;;
458.95;;
424.04;;
399.78;;
385.62;;
384.68;;
382.01;;
389.63;;
413.27;;
456.01;;
502.02;;
535.72;;
551.42;;
547.78;;
550.79;;
546.74;;
555.00;;
554.43;;
555.24;;
558.85;;
559.96;;
566.77;;
542.03;;
500.47;;
461.29;;
410.97;;
378.65;;
359.10;;
347.34;;
335.33;;
327.83;;
342.76;;
369.61;;
417.06;;
463.89;;
500.98;;
514.76;;
522.74;;
534.40;;
542.82;;
550.90;;
555.03;;
557.06;;
565.78;;
582.89;;
584.42;;
565.31;;
514.49;;
465.40;;
424.39;;
402.17;;
378.58;;
368.50;;
359.70;;
360.00;;
377.27;;
407.59;;
450.14;;
485.40;;
508.93;;
511.72;;
509.16;;
523.10;;
527.05;;
528.85;;
523.89;;
521.54;;
518.46;;
524.79;;
533.29;;
531.05;;
517.46;;
487.03;;
441.08;;
403.46;;
379.01;;
370.70;;
365.77;;
358.10;;
379.35;;
418.78;;
459.22;;
488.77;;
504.70;;
512.79;;
512.70;;
523.10;;
539.91;;
555.53;;
554.65;;
561.64;;
569.83;;
576.28;;
577.67;;
570.50;;
542.36;;
499.98;;
447.10;;
394.09;;
369.50;;
359.40;;
346.32;;
350.40;;
367.37;;
404.90;;
459.91;;
507.21;;
537.18;;
545.81;;
546.75;;
554.65;;
564.56;;
561.37;;
559.88;;
563.87;;
569.32;;
580.70;;
588.37;;
574.60;;
514.83;;
464.69;;
417.29;;
368.32;;
348.88;;
345.57;;
350.32;;
360.13;;
373.85;;
400.25;;
443.70;;
489.47;;
530.17;;
546.72;;
536.49;;
540.11;;
540.19;;
544.01;;
550.33;;
547.69;;
535.99;;
533.20;;
541.60;;
530.29;;
491.66;;
456.83;;
421.16;;
393.20;;
371.71;;
365.30;;
361.81;;
371.84;;
388.75;;
405.45;;
441.66;;
483.66;;
516.37;;
537.76;;
544.12;;
555.58;;
570.66;;
579.32;;
585.62;;
589.78;;
592.37;;
596.84;;
602.24;;
578.47;;
513.12;;
476.38;;
445.73;;
422.10;;
396.18;;
388.46;;
396.07;;
410.18;;
419.73;;
443.32;;
478.65;;
512.60;;
536.04;;
551.38;;
564.90;;
572.98;;
584.01;;
590.66;;
590.37;;
576.81;;
570.05;;
571.20;;
593.13;;
575.64;;
524.98;;
489.62;;
454.28;;
428.70;;
406.76;;
393.40;;
387.59;;
390.65;;
403.95;;
436.24;;
464.86;;
506.17;;
531.71;;
545.26;;
561.84;;
568.50;;
579.57;;
577.34;;
575.17;;
573.19;;
572.19;;
568.81;;
575.44;;
558.96;;
504.31;;
463.50;;
438.89;;
409.78;;
388.89;;
378.45;;
377.48;;
385.92;;
400.21;;
425.23;;
464.09;;
510.57;;
550.25;;
583.38;;
578.04;;
585.56;;
586.31;;
579.24;;
570.45;;
565.71;;
566.45;;
581.59;;
579.32;;
557.08;;
503.52;;
457.28;;
408.86;;
371.52;;
347.85;;
335.11;;
329.92;;
329.68;;
330.93;;
340.72;;
374.45;;
413.40;;
433.73;;
460.04;;
455.32;;
465.64;;
470.61;;
472.64;;
464.56;;
462.20;;
462.28;;
466.32;;
462.68;;
451.55;;
422.89;;
375.62;;
339.30;;
312.12;;
291.50;;
277.10;;
266.39;;
261.11;;
280.86;;
304.93;;
355.80;;
429.95;;
473.23;;
493.55;;
506.02;;
506.23;;
507.92;;
512.37;;
511.21;;
515.69;;
516.59;;
525.84;;
527.07;;
503.94;;
464.74;;
425.98;;
387.01;;
349.06;;
331.66;;
320.79;;
316.75;;
323.22;;
342.05;;
372.81;;
423.23;;
475.19;;
502.61;;
522.26;;
516.13;;
498.98;;
480.32;;
459.72;;
432.21;;
422.10;;
413.68;;
415.87;;
434.29;;
437.11;;
407.85;;
388.47;;
362.28;;
325.39;;
289.58;;
270.57;;
260.74;;
266.66;;
286.92;;
301.20;;
337.21;;
377.37;;
409.55;;
420.89;;
424.55;;
429.65;;
440.93;;
451.97;;
466.11;;
463.61;;
451.33;;
443.02;;
437.97;;
416.98;;
386.21;;
359.95;;
328.39;;
271.35;;
220.22;;
171.79;;
152.35;;
156.86;;
161.54;;
189.04;;
244.66;;
297.28;;
339.38;;
369.34;;
371.23;;
372.10;;
347.10;;
314.66;;
296.70;;
287.96;;
286.49;;
294.98;;
297.79;;
295.86;;
282.68;;
272.27;;
264.05;;
249.32;;
237.94;;
220.62;;
209.68;;
213.54;;
230.74;;
254.68;;
301.50;;
344.88;;
383.54;;
409.65;;
428.20;;
455.84;;
465.36;;
473.72;;
477.33;;
468.71;;
449.24;;
435.97;;
418.96;;
392.50;;
366.02;;
335.85;;
306.53;;
264.42;;
228.31;;
208.19;;
189.55;;
176.12;;
169.21;;
188.72;;
238.56;;
277.32;;
314.93;;
341.08;;
350.03;;
353.37;;
351.89;;
346.90;;
336.18;;
334.49;;
334.96;;
331.98;;
327.48;;
339.02;;
342.52;;
318.03;;
286.73;;
248.02;;
213.22;;
193.58;;
185.74;;
188.50;;
207.12;;
252.32;;
301.87;;
361.89;;
402.15;;
423.20;;
431.79;;
434.72;;
457.50;;
485.57;;
493.46;;
505.42;;
507.36;;
515.11;;
520.50;;
489.67;;
413.51;;
354.51;;
307.24;;
254.05;;
222.81;;
195.05;;
190.63;;
191.84;;
200.91;;
232.98;;
327.18;;
404.85;;
445.96;;
450.45;;
433.07;;
409.52;;
396.26;;
384.85;;
375.61;;
371.31;;
360.66;;
366.32;;
387.17;;
395.80;;
377.38;;
361.19;;
349.10;;
324.83;;
301.42;;
290.70;;
292.22;;
298.03;;
314.83;;
351.26;;
374.93;;
392.83;;
401.64;;
416.24;;
430.31;;
443.13;;
471.50;;
494.92;;
496.14;;
495.79;;
484.31;;
491.77;;
518.64;;
505.92;;
467.01;;
442.90;;
435.94;;
408.20;;
388.08;;
375.77;;
364.02;;
353.38;;
361.49;;
388.54;;
420.27;;
459.31;;
471.55;;
479.30;;
492.42;;
487.54;;
475.28;;
462.97;;
433.99;;
411.11;;
399.79;;
396.18;;
407.95;;
415.63;;
406.82;;
386.40;;
355.19;;
313.75;;
290.77;;
285.72;;
288.67;;
297.45;;
320.25;;
355.31;;
402.36;;
439.52;;
454.93;;
461.73;;
459.64;;
451.76;;
443.34;;
432.95;;
430.79;;
420.87;;
414.92;;
410.00;;
423.28;;
417.44;;
378.80;;
349.25;;
321.06;;
299.93;;
285.67;;
281.46;;
271.82;;
278.13;;
299.27;;
315.07;;
349.56;;
382.48;;
389.12;;
400.76;;
414.05;;
414.14;;
415.46;;
416.65;;
395.18;;
389.15;;
404.60;;
435.54;;
469.86;;
455.36;;
422.04;;
395.36;;
371.20;;
343.54;;
323.79;;
316.71;;
311.53;;
315.18;;
329.85;;
354.44;;
377.40;;
396.91;;
388.64;;
377.07;;
344.56;;
306.69;;
264.82;;
231.89;;
211.09;;
205.03;;
206.72;;
210.77;;
220.73;;
242.08;;
238.34;;
201.49;;
166.25;;
146.37;;
141.09;;
138.75;;
139.91;;
142.84;;
144.65;;
148.11;;
187.80;;
248.55;;
289.92;;
329.40;;
363.24;;
384.14;;
407.90;;
455.83;;
491.40;;
503.14;;
510.10;;
513.00;;
513.85;;
496.52;;
442.88;;
381.97;;
330.94;;
305.42;;
287.74;;
269.55;;
264.07;;
261.29;;
282.96;;
315.85;;
380.24;;
445.79;;
486.59;;
484.65;;
470.40;;
451.90;;
441.37;;
430.04;;
406.00;;
392.76;;
385.56;;
387.76;;
384.10;;
368.60;;
350.49;;
338.31;;
327.91;;
305.66;;
280.24;;
255.38;;
248.40;;
248.24;;
261.86;;
277.87;;
288.61;;
299.84;;
297.75;;
305.82;;
300.88;;
295.82;;
284.33;;
286.97;;
286.41;;
298.09;;
310.07;;
322.51;;
338.74;;
356.29;;
347.94;;
334.23;;
336.08;;
311.90;;
296.65;;
278.11;;
263.88;;
252.76;;
259.58;;
281.22;;
304.12;;
348.22;;
371.94;;
397.94;;
433.01;;
447.69;;
455.30;;
462.05;;
465.64;;
460.22;;
458.24;;
455.95;;
469.60;;
447.14;;
412.36;;
383.60;;
340.05;;
294.69;;
265.23;;
245.03;;
227.70;;
218.01;;
213.65;;
225.76;;
269.78;;
292.25;;
312.95;;
322.49;;
328.24;;
323.57;;
309.36;;
262.16;;
240.58;;
224.36;;
223.41;;
222.77;;
235.05;;
230.73;;
204.88;;
169.22;;
153.61;;
150.29;;
144.71;;
137.51;;
142.22;;
145.56;;
148.06;;
150.83;;
158.87;;
194.26;;
226.82;;
231.70;;
224.97;;
213.89;;
189.19;;
185.88;;
189.27;;
185.01;;
201.67;;
215.73;;
234.78;;
220.46;;
211.88;;
192.50;;
167.11;;
154.58;;
149.27;;
144.78;;
143.36;;
147.92;;
149.77;;
148.02;;
153.29;;
155.43;;
160.69;;
173.95;;
184.06;;
197.52;;
182.57;;
182.93;;
187.57;;
193.60;;
192.24;;
190.60;;
189.90;;
178.53;;
169.95;;
160.65;;
151.26;;
139.44;;
135.53;;
135.72;;
139.36;;
140.33;;
143.77;;
146.00;;
159.17;;
203.71;;
263.21;;
287.96;;
303.07;;
321.01;;
340.93;;
343.83;;
355.12;;
345.80;;
355.82;;
363.65;;
369.90;;
355.02;;
353.20;;
328.98;;
307.41;;
291.08;;
282.45;;
281.13;;
274.10;;
270.27;;
275.86;;
289.01;;
315.20;;
347.48;;
394.22;;
434.83;;
448.93;;
470.06;;
486.99;;
498.72;;
501.00;;
497.66;;
501.12;;
511.33;;
520.00;;
500.31;;
453.17;;
412.04;;
390.42;;
376.38;;
365.59;;
372.17;;
363.58;;
363.14;;
371.38;;
388.90;;
409.49;;
434.48;;
455.90;;
486.27;;
511.57;;
525.39;;
538.39;;
536.75;;
528.25;;
514.98;;
516.63;;
529.19;;
542.42;;
511.12;;
446.90;;
415.07;;
392.26;;
364.08;;
345.06;;
338.84;;
340.70;;
364.60;;
390.70;;
424.79;;
453.12;;
478.97;;
488.01;;
508.52;;
530.48;;
541.65;;
566.21;;
573.98;;
574.49;;
551.00;;
517.52;;
515.62;;
535.00;;
505.68;;
464.98;;
421.68;;
402.17;;
379.53;;
360.51;;
343.40;;
328.23;;
322.03;;
334.68;;
359.86;;
401.60;;
434.13;;
458.86;;
482.18;;
485.75;;
486.74;;
500.84;;
485.33;;
472.83;;
460.68;;
440.19;;
440.07;;
449.62;;
444.45;;
404.43;;
367.35;;
325.96;;
299.62;;
286.49;;
281.18;;
274.35;;
278.71;;
300.52;;
331.10;;
384.08;;
430.65;;
472.01;;
491.23;;
503.81;;
505.68;;
505.21;;
498.64;;
476.86;;
475.71;;
471.28;;
473.47;;
486.13;;
462.81;;
407.85;;
385.90;;
353.84;;
316.67;;
294.40;;
284.70;;
282.08;;
301.91;;
338.68;;
368.86;;
409.56;;
429.64;;
432.60;;
432.18;;
441.33;;
450.17;;
456.15;;
462.49;;
467.33;;
466.30;;
460.98;;
465.07;;
475.34;;
456.98;;
428.85;;
381.78;;
349.06;;
326.09;;
308.25;;
292.03;;
284.40;;
277.17;;
278.61;;
298.92;;
346.90;;
388.67;;
434.18;;
435.64;;
443.04;;
435.94;;
433.71;;
429.32;;
426.61;;
431.72;;
417.79;;
404.19;;
393.76;;
379.87;;
379.73;;
360.46;;
337.46;;
309.67;;
290.83;;
277.36;;
266.76;;
277.17;;
298.13;;
321.23;;
342.14;;
356.43;;
352.74;;
348.12;;
335.41;;
330.00;;
318.41;;
317.04;;
301.42;;
274.83;;
261.07;;
264.80;;
280.72;;
280.87;;
277.44;;
239.33;;
195.02;;
176.13;;
165.64;;
161.74;;
164.74;;
169.95;;
177.15;;
200.84;;
276.85;;
343.15;;
379.49;;
406.48;;
415.70;;
432.54;;
445.77;;
462.55;;
462.73;;
436.05;;
421.91;;
409.56;;
409.84;;
416.53;;
389.91;;
357.25;;
331.56;;
300.52;;
280.24;;
278.45;;
279.29;;
286.32;;
303.68;;
323.28;;
354.23;;
388.10;;
423.77;;
456.83;;
486.75;;
483.58;;
501.76;;
504.76;;
507.79;;
514.19;;
514.83;;
515.08;;
534.92;;
511.47;;
468.09;;
419.46;;
386.68;;
361.22;;
347.61;;
350.84;;
354.78;;
370.36;;
380.21;;
402.00;;
421.15;;
446.74;;
456.04;;
478.20;;
509.78;;
513.99;;
510.73;;
515.85;;
522.21;;
510.40;;
500.76;;
493.26;;
498.40;;
492.89;;
456.09;;
426.57;;
402.10;;
381.59;;
366.15;;
353.23;;
338.61;;
333.97;;
331.84;;
339.92;;
365.50;;
398.08;;
434.27;;
462.73;;
501.15;;
518.88;;
520.23;;
524.09;;
510.80;;
486.05;;
493.33;;
488.24;;
497.00;;
490.59;;
447.62;;
394.17;;
350.18;;
312.86;;
287.79;;
281.41;;
278.76;;
291.41;;
312.59;;
346.35;;
395.02;;
432.09;;
472.85;;
497.93;;
530.56;;
548.02;;
562.37;;
547.81;;
560.25;;
552.31;;
537.28;;
522.73;;
501.63;;
462.59;;
423.09;;
371.11;;
319.88;;
257.69;;
207.19;;
192.22;;
188.66;;
192.44;;
194.91;;
208.90;;
276.63;;
370.52;;
424.08;;
447.13;;
443.84;;
456.20;;
500.75;;
520.54;;
516.37;;
523.78;;
530.84;;
519.38;;
505.13;;
470.68;;
413.13;;
364.86;;
294.89;;
234.96;;
211.98;;
192.69;;
187.86;;
186.51;;
192.48;;
213.30;;
271.82;;
331.88;;
387.78;;
427.01;;
440.71;;
434.29;;
455.01;;
474.66;;
471.55;;
470.32;;
465.77;;
457.67;;
467.26;;
446.77;;
403.10;;
368.42;;
339.33;;
299.38;;
271.93;;
248.85;;
234.47;;
218.95;;
221.47;;
242.11;;
277.25;;
324.64;;
378.74;;
415.85;;
457.57;;
466.84;;
466.15;;
471.59;;
461.81;;
461.36;;
465.87;;
482.75;;
508.60;;
490.19;;
441.29;;
402.49;;
358.31;;
327.31;;
314.85;;
299.95;;
290.99;;
292.78;;
312.70;;
349.40;;
392.65;;
438.80;;
472.00;;
503.80;;
516.98;;
519.14;;
525.76;;
536.21;;
534.59;;
527.40;;
524.41;;
540.82;;
556.19;;
522.47;;
466.24;;
424.06;;
395.75;;
364.41;;
341.39;;
324.71;;
316.11;;
319.81;;
329.60;;
356.64;;
400.66;;
443.06;;
476.06;;
505.70;;
504.29;;
513.28;;
526.18;;
533.34;;
547.11;;
563.70;;
572.82;;
562.82;;
556.40;;
528.61;;
485.55;;
436.79;;
390.49;;
341.99;;
301.75;;
280.59;;
274.18;;
264.11;;
263.34;;
277.78;;
324.38;;
377.44;;
424.85;;
462.38;;
487.76;;
504.92;;
510.03;;
534.99;;
552.42;;
570.00;;
571.02;;
584.82;;
573.88;;
525.83;;
445.74;;
397.74;;
363.54;;
317.62;;
289.19;;
274.09;;
271.66;;
276.12;;
296.48;;
331.35;;
375.61;;
404.31;;
421.50;;
436.20;;
449.21;;
434.81;;
429.98;;
411.77;;
385.69;;
369.84;;
346.80;;
343.97;;
352.19;;
349.84;;
352.44;;
332.88;;
300.14;;
262.36;;
237.85;;
224.00;;
195.70;;
203.57;;
229.25;;
264.19;;
317.24;;
360.21;;
393.11;;
425.20;;
444.47;;
444.23;;
441.75;;
446.64;;
423.77;;
396.14;;
365.28;;
349.66;;
338.91;;
325.93;;
306.59;;
280.48;;
262.56;;
249.31;;
239.83;;
235.95;;
233.77;;
238.70;;
238.91;;
257.78;;
296.61;;
353.46;;
394.34;;
428.12;;
447.17;;
472.88;;
503.83;;
534.02;;
539.38;;
528.70;;
511.47;;
515.60;;
508.78;;
473.94;;
436.51;;
422.70;;
402.94;;
380.88;;
362.26;;
345.28;;
331.26;;
307.91;;
313.95;;
332.10;;
344.86;;
370.44;;
397.99;;
413.76;;
451.81;;
459.62;;
458.32;;
441.23;;
436.88;;
417.56;;
436.03;;
457.29;;
482.00;;
489.38;;
453.83;;
415.10;;
382.31;;
353.24;;
334.67;;
320.21;;
325.14;;
334.21;;
353.39;;
377.67;;
421.29;;
456.19;;
492.08;;
528.70;;
535.85;;
535.35;;
557.27;;
575.43;;
567.07;;
567.63;;
568.57;;
565.63;;
583.29;;
557.72;;
500.03;;
466.82;;
435.65;;
410.23;;
401.98;;
386.97;;
389.77;;
391.58;;
398.01;;
426.97;;
454.55;;
474.74;;
488.49;;
502.87;;
522.28;;
538.65;;
546.54;;
560.99;;
567.66;;
565.03;;
554.54;;
551.97;;
543.07;;
537.30;;
483.68;;
458.43;;
416.22;;
376.90;;
347.43;;
327.66;;
322.36;;
326.23;;
338.77;;
363.70;;
394.37;;
419.28;;
426.55;;
440.16;;
436.01;;
401.87;;
383.95;;
356.47;;
342.54;;
334.62;;
346.68;;
358.14;;
385.01;;
415.54;;
393.43;;
376.98;;
362.83;;
345.31;;
340.03;;
329.04;;
326.71;;
333.22;;
347.82;;
375.23;;
406.78;;
445.93;;
467.94;;
487.23;;
493.97;;
499.85;;
510.16;;
517.53;;
512.75;;
507.47;;
507.38;;
500.35;;
497.03;;
503.71;;
481.24;;
439.93;;
390.81;;
346.34;;
320.71;;
307.82;;
299.45;;
301.61;;
324.37;;
362.72;;
412.82;;
442.67;;
473.94;;
495.13;;
502.97;;
497.06;;
506.79;;
525.01;;
521.52;;
513.25;;
504.82;;
494.28;;
493.69;;
470.50;;
436.69;;
383.60;;
323.18;;
291.34;;
266.50;;
258.70;;
263.90;;
276.71;;
307.66;;
350.35;;
404.54;;
437.70;;
487.68;;
510.49;;
525.90;;
509.37;;
508.33;;
498.34;;
494.50;;
492.17;;
479.28;;
489.18;;
520.08;;
508.25;;
473.06;;
427.58;;
413.66;;
395.06;;
379.83;;
372.15;;
374.90;;
377.03;;
378.15;;
379.30;;
400.09;;
430.33;;
446.74;;
463.78;;
491.18;;
494.72;;
501.62;;
509.12;;
512.96;;
509.29;;
495.40;;
502.45;;
523.30;;
504.64;;
476.34;;
436.28;;
405.18;;
373.11;;
350.92;;
341.55;;
341.33;;
358.95;;
387.90;;
410.32;;
437.93;;
452.86;;
476.25;;
496.55;;
507.66;;
513.16;;
500.89;;
472.69;;
438.13;;
430.24;;
440.25;;
450.13;;
469.98;;
475.36;;
461.49;;
439.16;;
427.65;;
411.03;;
397.63;;
382.69;;
370.24;;
369.82;;
376.25;;
389.44;;
419.14;;
444.45;;
443.45;;
469.73;;
479.95;;
480.46;;
485.03;;
483.62;;
479.74;;
484.46;;
471.48;;
481.65;;
513.08;;
497.81;;
469.21;;
433.35;;
401.57;;
366.73;;
348.68;;
340.60;;
338.06;;
346.56;;
369.53;;
394.55;;
421.72;;
427.74;;
435.72;;
447.20;;
450.05;;
451.08;;
442.33;;
431.94;;
438.03;;
440.73;;
438.69;;
430.04;;
425.37;;
434.13;;
431.84;;
417.70;;
411.24;;
407.88;;
400.82;;
390.20;;
378.53;;
373.58;;
380.97;;
388.51;;
410.32;;
430.55;;
453.17;;
475.26;;
497.32;;
498.61;;
493.69;;
498.82;;
494.73;;
485.11;;
476.63;;
481.11;;
474.56;;
457.56;;
416.50;;
359.14;;
286.76;;
237.16;;
215.27;;
195.46;;
197.22;;
205.02;;
215.20;;
259.05;;
337.73;;
398.36;;
434.47;;
459.26;;
458.16;;
441.84;;
438.72;;
441.75;;
440.46;;
430.09;;
443.06;;
446.19;;
449.48;;
437.49;;
404.14;;
354.21;;
305.73;;
265.17;;
244.42;;
228.66;;
215.27;;
217.93;;
231.73;;
268.25;;
333.87;;
400.16;;
451.89;;
470.80;;
489.43;;
477.57;;
471.39;;
482.05;;
491.59;;
490.07;;
498.52;;
517.16;;
518.76;;
475.22;;
418.13;;
383.41;;
366.06;;
339.52;;
310.66;;
283.90;;
252.34;;
255.22;;
261.27;;
297.18;;
347.70;;
383.14;;
405.91;;
432.19;;
459.15;;
470.63;;
494.56;;
498.03;;
507.96;;
511.30;;
510.14;;
511.50;;
511.83;;
485.28;;
434.19;;
398.64;;
361.03;;
328.55;;
302.47;;
303.54;;
289.56;;
277.51;;
286.73;;
312.90;;
355.59;;
389.29;;
415.93;;
434.88;;
458.10;;
460.94;;
481.74;;
503.39;;
496.75;;
493.30;;
488.22;;
488.94;;
495.03;;
480.54;;
431.13;;
400.70;;
370.66;;
351.99;;
335.61;;
316.45;;
291.55;;
267.76;;
265.73;;
291.67;;
333.07;;
369.29;;
387.35;;
399.10;;
412.51;;
423.59;;
429.94;;
426.02;;
400.27;;
376.21;;
372.40;;
379.52;;
385.69;;
387.10;;
361.05;;
348.08;;
335.45;;
327.03;;
309.60;;
298.16;;
292.82;;
285.81;;
283.04;;
281.95;;
294.02;;
310.81;;
322.61;;
339.74;;
350.52;;
352.77;;
346.66;;
358.61;;
372.52;;
378.63;;
390.21;;
403.55;;
415.96;;
392.81;;
360.85;;
346.82;;
333.10;;
321.16;;
311.80;;
292.21;;
271.46;;
259.83;;
265.56;;
285.54;;
319.68;;
355.50;;
379.85;;
406.06;;
437.56;;
454.55;;
453.58;;
467.63;;
477.54;;
468.24;;
473.32;;
465.72;;
473.27;;
466.93;;
439.94;;
396.39;;
340.01;;
282.47;;
259.32;;
231.91;;
199.93;;
198.32;;
201.42;;
205.97;;
213.19;;
242.69;;
273.19;;
272.24;;
277.93;;
281.54;;
285.76;;
276.11;;
262.11;;
276.92;;
273.27;;
271.20;;
269.04;;
261.00;;
254.54;;
223.93;;
200.47;;
194.75;;
190.79;;
190.62;;
186.71;;
184.93;;
193.87;;
216.41;;
274.92;;
343.14;;
404.08;;
460.40;;
473.59;;
468.45;;
492.08;;
501.25;;
504.70;;
497.53;;
478.51;;
482.81;;
514.37;;
490.44;;
463.71;;
429.41;;
408.55;;
392.31;;
380.25;;
373.63;;
369.49;;
365.92;;
369.37;;
387.47;;
409.94;;
430.16;;
447.89;;
473.14;;
487.68;;
496.08;;
536.23;;
532.37;;
534.27;;
523.88;;
519.48;;
524.96;;
535.37;;
510.31;;
452.71;;
407.81;;
373.29;;
344.99;;
328.17;;
302.88;;
291.36;;
288.47;;
300.11;;
327.78;;
368.94;;
408.15;;
433.40;;
453.97;;
474.85;;
492.51;;
515.11;;
532.51;;
532.87;;
537.56;;
503.56;;
491.82;;
502.40;;
490.74;;
454.66;;
426.85;;
408.57;;
375.09;;
334.97;;
302.78;;
280.02;;
256.22;;
261.45;;
282.71;;
321.29;;
354.00;;
385.55;;
408.80;;
431.97;;
446.62;;
487.16;;
503.19;;
512.55;;
520.47;;
526.43;;
521.80;;
538.03;;
520.80;;
466.04;;
424.89;;
382.21;;
343.86;;
313.88;;
285.75;;
274.03;;
276.70;;
281.69;;
292.82;;
313.09;;
326.00;;
344.20;;
356.60;;
373.42;;
388.44;;
397.84;;
404.98;;
411.70;;
410.94;;
406.18;;
409.57;;
428.56;;
419.00;;
377.93;;
355.45;;
330.52;;
306.15;;
291.48;;
282.47;;
274.58;;
275.93;;
287.47;;
311.06;;
348.50;;
377.63;;
400.05;;
428.44;;
434.55;;
441.89;;
453.74;;
434.71;;
425.19;;
416.43;;
402.56;;
384.35;;
362.21;;
339.29;;
306.33;;
244.17;;
184.91;;
163.39;;
158.15;;
155.46;;
154.67;;
159.70;;
164.57;;
170.35;;
190.00;;
262.51;;
317.89;;
354.46;;
375.26;;
389.33;;
393.26;;
420.20;;
443.32;;
468.40;;
480.76;;
467.23;;
456.61;;
435.38;;
399.83;;
336.93;;
293.61;;
257.20;;
222.07;;
198.89;;
188.20;;
188.78;;
201.41;;
239.78;;
320.88;;
392.75;;
457.65;;
496.34;;
507.92;;
508.65;;
526.53;;
553.96;;
549.25;;
535.90;;
519.55;;
507.80;;
492.80;;
466.12;;
427.00;;
385.61;;
360.25;;
333.55;;
317.34;;
304.39;;
298.67;;
302.53;;
331.39;;
367.44;;
399.60;;
432.80;;
466.08;;
491.66;;
506.60;;
509.88;;
529.77;;
541.94;;
538.94;;
525.95;;
522.20;;
526.97;;
543.60;;
519.28;;
466.47;;
418.63;;
380.22;;
354.83;;
332.36;;
317.03;;
308.82;;
307.11;;
323.45;;
351.48;;
369.49;;
391.68;;
406.39;;
405.51;;
398.94;;
377.55;;
361.76;;
353.61;;
353.08;;
351.16;;
364.01;;
373.42;;
390.54;;
387.35;;
352.88;;
342.83;;
337.50;;
315.83;;
290.68;;
269.23;;
264.20;;
276.93;;
298.85;;
332.12;;
360.66;;
384.17;;
389.54;;
404.12;;
397.51;;
404.04;;
422.41;;
405.59;;
402.12;;
392.89;;
391.29;;
400.13;;
424.90;;
445.58;;
421.41;;
411.77;;
402.32;;
381.12;;
364.35;;
345.77;;
259.15;;
329.67;;
328.91;;
344.06;;
372.13;;
395.35;;
415.74;;
431.73;;
440.77;;
449.28;;
472.16;;
474.08;;
475.95;;
467.53;;
454.54;;
453.32;;
471.17;;
475.91;;
442.28;;
406.73;;
380.94;;
356.62;;
342.25;;
328.34;;
318.11;;
313.91;;
326.17;;
344.88;;
384.44;;
421.26;;
437.53;;
462.88;;
474.02;;
488.57;;
519.04;;
514.50;;
543.55;;
549.07;;
546.23;;
528.73;;
521.36;;
507.90;;
479.57;;
451.59;;
408.32;;
365.64;;
333.24;;
307.73;;
283.50;;
277.66;;
284.40;;
305.52;;
349.71;;
394.59;;
425.36;;
449.88;;
461.36;;
465.58;;
506.99;;
517.58;;
526.21;;
517.80;;
507.06;;
490.18;;
469.20;;
441.45;;
400.93;;
344.59;;
289.42;;
241.14;;
207.48;;
182.88;;
181.70;;
185.74;;
196.78;;
252.83;;
340.62;;
408.07;;
450.17;;
456.64;;
455.81;;
458.49;;
455.81;;
442.59;;
418.19;;
393.18;;
396.52;;
398.92;;
399.13;;
393.94;;
375.75;;
353.40;;
339.87;;
310.78;;
273.15;;
246.30;;
234.41;;
230.99;;
234.23;;
244.95;;
281.86;;
313.13;;
325.03;;
350.39;;
377.39;;
387.86;;
413.08;;
431.75;;
433.13;;
443.22;;
438.16;;
439.87;;
432.52;;
395.80;;
366.29;;
348.03;;
330.11;;
306.54;;
286.64;;
275.16;;
274.12;;
279.74;;
284.83;;
292.55;;
329.61;;
359.19;;
382.15;;
403.28;;
418.32;;
425.98;;
443.74;;
453.07;;
456.57;;
456.22;;
449.71;;
441.84;;
438.62;;
435.91;;
423.28;;
396.50;;
366.59;;
335.19;;
312.78;;
300.57;;
289.91;;
287.71;;
293.65;;
320.83;;
359.21;;
395.89;;
421.25;;
450.03;;
462.00;;
474.52;;
485.93;;
491.86;;
493.57;;
480.08;;
486.33;;
498.84;;
513.33;;
502.12;;
473.65;;
440.08;;
396.81;;
361.14;;
336.86;;
314.44;;
308.53;;
318.67;;
344.33;;
379.38;;
417.82;;
454.68;;
465.89;;
477.10;;
471.95;;
455.55;;
447.69;;
450.41;;
452.67;;
454.70;;
458.40;;
476.01;;
493.74;;
486.72;;
462.22;;
438.59;;
419.84;;
392.72;;
372.40;;
351.58;;
338.10;;
359.73;;
382.38;;
404.91;;
422.77;;
435.35;;
443.14;;
454.67;;
461.71;;
464.11;;
485.23;;
485.57;;
498.47;;
512.56;;
528.59;;
534.56;;
545.75;;
542.07;;
516.27;;
465.17;;
414.60;;
369.38;;
334.78;;
314.20;;
311.48;;
319.47;;
326.18;;
350.80;;
394.28;;
432.17;;
452.49;;
478.94;;
483.00;;
495.35;;
510.69;;
561.06;;
574.81;;
581.11;;
576.16;;
552.25;;
534.51;;
502.95;;
453.76;;
413.19;;
377.00;;
330.66;;
295.68;;
277.40;;
272.67;;
272.76;;
290.18;;
324.84;;
390.86;;
449.86;;
492.19;;
508.23;;
502.08;;
492.93;;
484.87;;
473.85;;
461.80;;
450.40;;
451.82;;
467.68;;
488.08;;
491.31;;
470.43;;
420.42;;
394.43;;
371.61;;
358.08;;
349.57;;
338.58;;
335.84;;
347.05;;
377.86;;
420.25;;
456.03;;
486.98;;
505.30;;
525.14;;
547.33;;
579.11;;
603.98;;
622.07;;
622.93;;
618.28;;
592.69;;
591.21;;
565.86;;
501.98;;
449.34;;
390.27;;
335.26;;
287.87;;
275.57;;
270.07;;
266.73;;
287.18;;
330.32;;
390.08;;
441.26;;
467.92;;
491.22;;
505.47;;
520.91;;
541.22;;
561.58;;
554.74;;
539.27;;
522.57;;
512.36;;
504.72;;
493.75;;
453.49;;
409.51;;
372.37;;
331.73;;
296.11;;
277.13;;
270.87;;
282.73;;
307.12;;
353.12;;
396.40;;
445.40;;
470.39;;
502.83;;
516.78;;
541.79;;
565.30;;
579.23;;
570.13;;
542.90;;
518.08;;
505.27;;
510.68;;
507.50;;
475.52;;
438.91;;
404.59;;
367.00;;
340.36;;
316.47;;
309.38;;
316.03;;
333.81;;
362.77;;
408.63;;
447.84;;
460.81;;
473.46;;
491.58;;
501.98;;
513.30;;
532.18;;
535.73;;
544.44;;
538.30;;
518.34;;
522.76;;
526.97;;
505.63;;
467.72;;
440.90;;
417.73;;
400.39;;
388.98;;
361.86;;
337.14;;
324.28;;
318.44;;
337.03;;
377.08;;
407.88;;
432.05;;
453.02;;
461.12;;
462.79;;
462.03;;
472.48;;
479.51;;
482.46;;
479.72;;
485.61;;
486.92;;
469.92;;
423.82;;
382.68;;
344.42;;
320.20;;
306.43;;
286.72;;
278.59;;
287.91;;
336.45;;
399.24;;
472.91;;
520.33;;
546.98;;
545.76;;
551.07;;
577.09;;
586.22;;
585.26;;
586.21;;
590.41;;
593.12;;
601.90;;
583.51;;
532.56;;
447.77;;
365.31;;
292.40;;
261.58;;
244.84;;
227.43;;
227.56;;
245.76;;
303.60;;
405.06;;
509.33;;
586.02;;
598.59;;
607.31;;
587.27;;
584.56;;
595.32;;
595.18;;
597.57;;
603.03;;
632.27;;
668.21;;
643.85;;
574.88;;
495.12;;
438.30;;
390.79;;
356.87;;
276.62;;
351.25;;
354.03;;
363.18;;
390.04;;
438.42;;
479.73;;
500.77;;
519.80;;
523.94;;
527.63;;
537.56;;
539.92;;
557.97;;
570.88;;
582.08;;
597.16;;
609.55;;
587.41;;
525.80;;
471.26;;
422.24;;
381.31;;
344.41;;
320.39;;
319.03;;
329.14;;
345.67;;
370.07;;
423.63;;
480.52;;
510.34;;
514.85;;
519.10;;
517.86;;
520.41;;
530.79;;
538.57;;
549.61;;
555.98;;
592.23;;
610.65;;
588.76;;
534.34;;
473.37;;
403.08;;
352.95;;
326.28;;
307.25;;
301.94;;
306.79;;
321.22;;
351.41;;
395.76;;
428.19;;
458.69;;
474.24;;
468.46;;
449.94;;
466.49;;
469.10;;
481.92;;
483.48;;
483.42;;
514.93;;
536.26;;
521.54;;
458.88;;
409.58;;
382.38;;
335.15;;
303.26;;
280.21;;
274.62;;
284.98;;
305.90;;
340.92;;
373.91;;
408.58;;
431.98;;
439.85;;
442.59;;
448.59;;
446.24;;
448.28;;
443.57;;
453.19;;
471.69;;
488.22;;
501.11;;
487.20;;
451.94;;
397.15;;
362.56;;
316.68;;
284.58;;
261.86;;
261.30;;
265.04;;
282.49;;
314.89;;
345.86;;
377.26;;
402.53;;
417.17;;
421.48;;
435.95;;
443.30;;
440.49;;
443.02;;
464.31;;
481.96;;
500.09;;
514.42;;
510.45;;
470.74;;
399.57;;
355.60;;
317.28;;
288.60;;
275.90;;
269.00;;
272.19;;
286.27;;
320.12;;
358.07;;
392.73;;
403.55;;
415.99;;
420.47;;
431.24;;
436.25;;
446.35;;
442.70;;
453.29;;
468.22;;
479.04;;
477.95;;
460.95;;
422.81;;
377.96;;
323.30;;
282.19;;
248.76;;
222.62;;
213.13;;
220.15;;
248.14;;
294.04;;
343.54;;
390.94;;
414.00;;
423.39;;
413.37;;
411.69;;
420.50;;
424.22;;
423.54;;
432.08;;
431.82;;
449.78;;
467.67;;
469.52;;
448.14;;
427.22;;
396.63;;
359.88;;
341.25;;
330.85;;
326.32;;
319.36;;
321.62;;
349.06;;
383.68;;
430.50;;
458.33;;
470.43;;
488.91;;
506.80;;
519.81;;
526.91;;
524.21;;
508.67;;
492.99;;
493.65;;
513.23;;
521.80;;
488.01;;
444.76;;
397.49;;
355.79;;
330.94;;
315.33;;
318.20;;
327.52;;
343.44;;
377.29;;
413.11;;
446.94;;
470.62;;
497.27;;
499.24;;
526.93;;
545.10;;
547.71;;
532.35;;
506.98;;
503.04;;
513.40;;
528.67;;
534.51;;
509.18;;
460.00;;
418.81;;
393.71;;
374.89;;
365.73;;
365.17;;
364.04;;
366.97;;
383.36;;
411.15;;
433.60;;
447.33;;
453.06;;
462.64;;
469.18;;
477.17;;
476.57;;
464.19;;
461.70;;
458.21;;
459.89;;
472.90;;
499.25;;
493.62;;
474.31;;
451.46;;
428.39;;
405.84;;
382.80;;
379.10;;
387.53;;
399.11;;
416.49;;
448.45;;
468.45;;
483.42;;
482.21;;
492.32;;
503.74;;
509.03;;
520.42;;
513.48;;
495.00;;
489.24;;
497.15;;
506.41;;
516.33;;
505.74;;
472.28;;
461.73;;
446.42;;
433.88;;
417.09;;
406.94;;
407.67;;
418.36;;
432.00;;
462.07;;
485.19;;
501.22;;
515.74;;
534.00;;
536.00;;
534.55;;
533.40;;
528.00;;
533.99;;
542.16;;
544.91;;
534.37;;
528.37;;
534.31;;
492.27;;
466.60;;
436.79;;
408.87;;
379.04;;
365.15;;
359.71;;
359.86;;
378.37;;
433.15;;
470.59;;
491.23;;
495.38;;
504.41;;
514.23;;
526.20;;
519.76;;
506.45;;
500.32;;
490.07;;
484.49;;
477.42;;
474.15;;
450.33;;
411.79;;
357.12;;
300.24;;
262.02;;
237.21;;
225.33;;
243.60;;
265.82;;
309.60;;
391.01;;
468.62;;
526.21;;
535.07;;
531.51;;
547.69;;
561.64;;
558.96;;
563.14;;
562.88;;
548.12;;
570.74;;
589.90;;
586.43;;
541.89;;
490.10;;
448.00;;
405.92;;
380.96;;
379.63;;
379.69;;
381.16;;
399.15;;
426.64;;
459.16;;
487.43;;
497.18;;
499.18;;
499.95;;
495.17;;
495.58;;
500.08;;
507.07;;
507.34;;
509.01;;
521.58;;
530.86;;
530.07;;
497.90;;
451.24;;
417.82;;
381.52;;
354.73;;
338.91;;
335.29;;
343.10;;
366.97;;
398.19;;
434.52;;
476.20;;
490.33;;
502.80;;
492.39;;
493.54;;
491.59;;
494.36;;
492.29;;
488.16;;
491.76;;
506.90;;
526.41;;
536.73;;
509.65;;
467.24;;
422.74;;
382.09;;
364.28;;
351.30;;
347.86;;
353.42;;
376.08;;
403.87;;
434.72;;
462.43;;
477.73;;
479.44;;
472.98;;
483.88;;
477.85;;
478.24;;
469.16;;
469.52;;
481.32;;
490.71;;
507.97;;
502.11;;
474.77;;
439.02;;
403.57;;
369.09;;
343.48;;
317.95;;
311.41;;
316.87;;
330.35;;
359.72;;
401.44;;
438.40;;
461.86;;
469.27;;
481.40;;
482.43;;
480.18;;
489.10;;
487.97;;
498.45;;
502.34;;
509.95;;
538.27;;
544.25;;
502.48;;
456.02;;
430.79;;
403.55;;
391.02;;
386.65;;
386.26;;
393.07;;
387.00;;
402.43;;
423.56;;
442.22;;
464.42;;
483.87;;
501.45;;
525.75;;
522.35;;
512.40;;
521.41;;
530.95;;
524.82;;
526.38;;
527.34;;
516.45;;
497.62;;
479.11;;
462.35;;
442.60;;
419.96;;
400.67;;
380.58;;
374.68;;
376.70;;
387.04;;
408.27;;
432.51;;
437.18;;
446.03;;
456.79;;
465.50;;
467.56;;
460.11;;
455.70;;
451.95;;
447.36;;
438.99;;
435.44;;
420.52;;
405.73;;
384.48;;
342.74;;
300.19;;
269.85;;
241.58;;
213.95;;
209.66;;
213.38;;
259.17;;
331.24;;
385.75;;
425.08;;
440.07;;
453.81;;
446.00;;
449.26;;
446.52;;
451.34;;
464.12;;
479.80;;
482.08;;
492.12;;
489.71;;
469.21;;
437.93;;
402.41;;
375.38;;
362.80;;
353.39;;
349.07;;
356.20;;
378.45;;
401.73;;
435.08;;
467.60;;
488.98;;
487.43;;
503.03;;
522.44;;
530.33;;
525.14;;
522.15;;
520.91;;
522.57;;
535.14;;
551.42;;
544.21;;
509.44;;
466.09;;
427.59;;
394.41;;
361.73;;
342.10;;
340.01;;
350.65;;
373.88;;
402.55;;
430.14;;
455.36;;
457.92;;
466.84;;
459.60;;
450.66;;
456.60;;
476.81;;
486.38;;
485.35;;
495.62;;
497.98;;
510.09;;
501.66;;
470.68;;
449.50;;
442.85;;
420.71;;
396.99;;
387.65;;
387.02;;
381.38;;
393.77;;
407.22;;
425.79;;
441.97;;
452.19;;
463.32;;
465.34;;
465.86;;
465.75;;
462.76;;
460.47;;
464.27;;
473.02;;
491.43;;
516.90;;
512.39;;
479.52;;
449.80;;
422.44;;
389.12;;
371.33;;
356.82;;
357.28;;
366.45;;
378.93;;
398.53;;
426.46;;
464.41;;
474.29;;
465.80;;
465.24;;
462.52;;
457.50;;
460.93;;
463.14;;
461.77;;
473.47;;
488.66;;
501.81;;
492.95;;
459.60;;
432.13;;
400.54;;
358.24;;
309.98;;
278.98;;
278.36;;
285.81;;
304.80;;
336.91;;
368.04;;
399.14;;
416.00;;
407.19;;
381.79;;
362.04;;
336.67;;
332.86;;
332.56;;
338.65;;
342.21;;
349.37;;
363.50;;
366.20;;
353.38;;
333.00;;
315.76;;
276.36;;
216.75;;
183.72;;
186.42;;
206.40;;
266.18;;
307.46;;
332.27;;
351.14;;
363.66;;
358.96;;
365.53;;
371.31;;
380.47;;
384.15;;
383.92;;
384.65;;
396.47;;
416.30;;
438.10;;
445.84;;
440.94;;
409.82;;
371.05;;
312.53;;
254.59;;
208.87;;
199.51;;
224.04;;
276.50;;
342.07;;
391.95;;
427.96;;
428.25;;
408.92;;
400.04;;
407.58;;
408.15;;
401.01;;
396.28;;
395.84;;
404.20;;
426.46;;
470.47;;
468.44;;
450.33;;
420.52;;
398.48;;
361.99;;
327.44;;
293.56;;
290.46;;
301.88;;
330.34;;
355.09;;
383.35;;
404.25;;
407.57;;
399.97;;
413.72;;
413.82;;
398.45;;
391.22;;
387.14;;
377.59;;
377.94;;
394.97;;
416.27;;
429.05;;
398.64;;
391.55;;
388.99;;
359.93;;
324.79;;
305.88;;
305.51;;
313.93;;
347.33;;
375.12;;
402.04;;
424.09;;
429.02;;
433.13;;
453.15;;
458.74;;
449.31;;
444.50;;
432.68;;
446.15;;
446.66;;
479.61;;
504.71;;
500.47;;
483.41;;
468.18;;
448.89;;
410.05;;
379.72;;
358.22;;
353.78;;
364.92;;
403.94;;
439.20;;
477.96;;
498.14;;
510.10;;
516.92;;
537.96;;
557.59;;
559.31;;
555.28;;
534.91;;
506.54;;
490.18;;
483.54;;
497.90;;
502.16;;
484.41;;
467.50;;
448.95;;
428.87;;
404.76;;
396.55;;
372.28;;
355.88;;
356.52;;
372.57;;
419.66;;
466.14;;
471.30;;
478.71;;
492.88;;
494.18;;
503.49;;
499.13;;
468.90;;
459.13;;
456.46;;
463.63;;
493.42;;
506.55;;
485.64;;
443.95;;
432.88;;
407.53;;
381.18;;
363.36;;
359.55;;
359.60;;
373.41;;
412.47;;
453.01;;
482.97;;
503.39;;
502.31;;
489.38;;
493.81;;
484.66;;
480.08;;
487.74;;
483.01;;
487.73;;
495.74;;
503.70;;
514.49;;
506.14;;
486.92;;
454.64;;
418.93;;
402.47;;
385.15;;
365.14;;
376.71;;
401.39;;
432.78;;
462.95;;
490.94;;
494.68;;
500.72;;
509.71;;
512.61;;
515.04;;
522.75;;
525.85;;
527.45;;
533.97;;
544.86;;
548.31;;
551.83;;
549.81;;
532.46;;
497.38;;
455.35;;
431.99;;
404.43;;
370.38;;
354.78;;
368.06;;
406.77;;
469.39;;
528.11;;
549.48;;
548.52;;
579.52;;
571.86;;
580.01;;
586.21;;
563.01;;
558.66;;
549.48;;
564.65;;
584.94;;
560.48;;
521.26;;
473.24;;
423.79;;
394.89;;
370.58;;
352.98;;
340.07;;
348.36;;
376.80;;
409.44;;
446.77;;
480.12;;
479.01;;
465.36;;
445.32;;
425.85;;
412.73;;
393.54;;
387.79;;
384.59;;
389.91;;
406.23;;
434.23;;
439.45;;
446.71;;
424.99;;
408.56;;
387.22;;
360.49;;
340.08;;
332.51;;
339.69;;
351.29;;
379.71;;
405.49;;
435.31;;
444.45;;
464.74;;
473.45;;
479.98;;
479.24;;
485.48;;
485.24;;
480.82;;
482.44;;
487.96;;
513.84;;
516.00;;
507.07;;
479.11;;
471.85;;
455.72;;
439.61;;
423.87;;
431.96;;
439.92;;
459.73;;
471.16;;
483.79;;
486.52;;
490.13;;
491.76;;
507.42;;
505.40;;
488.12;;
464.72;;
442.89;;
427.53;;
406.94;;
395.32;;
407.07;;
424.84;;
411.89;;
408.99;;
395.80;;
383.51;;
363.92;;
352.42;;
333.17;;
328.34;;
331.12;;
353.60;;
382.17;;
400.27;;
402.27;;
416.32;;
418.10;;
409.76;;
386.74;;
349.65;;
338.89;;
328.34;;
325.51;;
328.61;;
344.67;;
351.26;;
341.61;;
324.82;;
318.76;;
290.36;;
268.81;;
241.97;;
233.27;;
220.00;;
214.82;;
229.86;;
259.86;;
289.60;;
286.51;;
285.87;;
280.71;;
267.88;;
245.71;;
240.53;;
234.41;;
225.22;;
236.69;;
237.18;;
244.87;;
256.82;;
265.29;;
247.23;;
217.70;;
192.20;;
181.78;;
176.17;;
168.76;;
168.98;;
173.38;;
177.31;;
188.47;;
225.07;;
240.21;;
238.55;;
243.77;;
222.73;;
210.89;;
191.34;;
184.57;;
182.20;;
181.11;;
185.80;;
186.45;;
190.31;;
202.95;;
204.17;;
194.72;;
179.82;;
169.65;;
169.22;;
166.93;;
171.23;;
180.86;;
196.43;;
245.66;;
273.57;;
279.03;;
283.83;;
292.73;;
293.44;;
302.72;;
293.76;;
286.36;;
284.40;;
287.04;;
308.16;;
331.98;;
333.55;;
322.73;;
327.10;;
327.80;;
323.48;;
307.36;;
289.69;;
265.21;;
256.69;;
272.46;;
295.39;;
338.56;;
373.31;;
377.31;;
383.71;;
412.14;;
426.67;;
431.20;;
423.40;;
421.70;;
430.59;;
430.90;;
441.02;;
478.43;;
494.95;;
489.65;;
475.21;;
459.92;;
434.23;;
413.12;;
398.29;;
392.08;;
390.37;;
407.44;;
445.65;;
489.07;;
530.81;;
533.12;;
544.09;;
566.81;;
574.15;;
574.92;;
580.39;;
569.46;;
570.14;;
573.73;;
578.39;;
582.70;;
567.18;;
534.00;;
499.68;;
467.11;;
422.76;;
395.54;;
374.27;;
380.22;;
388.75;;
411.93;;
446.44;;
500.66;;
566.48;;
568.64;;
569.08;;
593.15;;
596.93;;
598.85;;
612.96;;
618.78;;
619.24;;
612.38;;
619.26;;
619.95;;
583.14;;
547.23;;
512.43;;
462.99;;
415.43;;
376.51;;
356.46;;
355.71;;
373.16;;
408.50;;
450.08;;
503.59;;
547.29;;
552.67;;
544.79;;
560.05;;
552.36;;
547.45;;
544.36;;
534.95;;
520.07;;
517.25;;
516.33;;
529.46;;
522.90;;
489.07;;
473.44;;
450.73;;
427.33;;
404.69;;
383.76;;
375.05;;
397.33;;
435.16;;
479.48;;
529.72;;
547.39;;
550.76;;
562.84;;
570.26;;
564.60;;
574.48;;
577.12;;
566.91;;
543.60;;
531.45;;
535.41;;
537.98;;
551.80;;
550.22;;
511.34;;
475.04;;
448.82;;
430.53;;
423.86;;
419.99;;
433.52;;
459.58;;
496.65;;
520.49;;
524.96;;
513.00;;
513.67;;
530.36;;
534.10;;
549.96;;
550.22;;
548.84;;
538.21;;
521.52;;
508.13;;
508.98;;
538.61;;
542.81;;
518.77;;
493.12;;
463.41;;
433.25;;
417.06;;
399.47;;
396.46;;
412.38;;
446.41;;
488.56;;
522.17;;
500.94;;
503.63;;
522.50;;
508.98;;
491.14;;
456.29;;
426.69;;
394.51;;
376.75;;
369.35;;
365.88;;
385.78;;
375.86;;
359.44;;
332.32;;
296.83;;
254.81;;
241.77;;
238.82;;
239.46;;
250.48;;
270.81;;
313.76;;
342.51;;
352.35;;
357.77;;
368.35;;
369.55;;
380.90;;
378.07;;
381.90;;
380.11;;
359.81;;
360.82;;
383.15;;
399.09;;
397.58;;
398.16;;
396.37;;
377.07;;
350.16;;
345.83;;
336.50;;
334.10;;
360.76;;
398.81;;
437.75;;
463.64;;
462.18;;
474.84;;
491.70;;
499.73;;
499.53;;
505.66;;
485.99;;
488.97;;
493.11;;
508.36;;
529.04;;
541.06;;
534.79;;
512.93;;
502.28;;
496.81;;
481.58;;
468.58;;
463.03;;
468.02;;
484.74;;
508.84;;
536.26;;
552.36;;
548.93;;
550.57;;
582.12;;
581.96;;
583.25;;
556.07;;
563.81;;
551.15;;
548.39;;
566.25;;
594.11;;
579.43;;
554.22;;
517.57;;
497.07;;
471.46;;
439.90;;
428.05;;
437.02;;
459.32;;
496.39;;
515.24;;
533.78;;
542.09;;
532.54;;
539.99;;
550.93;;
580.32;;
597.41;;
587.97;;
591.67;;
582.15;;
577.18;;
587.02;;
609.18;;
572.86;;
530.96;;
503.72;;
474.14;;
444.53;;
406.49;;
372.31;;
335.65;;
327.98;;
341.09;;
368.24;;
421.58;;
438.28;;
418.43;;
417.66;;
375.82;;
320.85;;
288.52;;
249.56;;
213.37;;
198.11;;
190.60;;
186.20;;
176.98;;
167.23;;
163.70;;
165.16;;
174.73;;
182.95;;
183.14;;
175.32;;
156.97;;
155.18;;
162.01;;
173.39;;
219.46;;
226.18;;
225.12;;
225.13;;
235.63;;
228.26;;
211.23;;
191.94;;
176.58;;
174.03;;
173.23;;
171.24;;
174.65;;
183.48;;
202.28;;
237.23;;
247.87;;
247.07;;
248.63;;
228.60;;
211.42;;
208.30;;
212.91;;
244.71;;
277.88;;
286.87;;
281.29;;
272.94;;
279.49;;
278.32;;
278.73;;
269.46;;
266.34;;
271.41;;
269.58;;
287.42;;
318.35;;
347.25;;
333.38;;
336.65;;
330.48;;
304.18;;
274.57;;
256.62;;
258.37;;
264.29;;
297.43;;
340.83;;
388.84;;
417.23;;
423.61;;
435.73;;
448.44;;
461.35;;
477.54;;
472.66;;
448.95;;
449.60;;
450.41;;
471.99;;
506.10;;
487.29;;
472.44;;
445.91;;
423.68;;
392.56;;
357.80;;
305.69;;
276.06;;
269.42;;
287.52;;
339.98;;
399.49;;
414.31;;
403.54;;
386.81;;
364.52;;
344.19;;
334.16;;
321.22;;
307.72;;
305.12;;
300.28;;
313.43;;
331.84;;
349.31;;
335.66;;
321.79;;
302.51;;
273.34;;
223.53;;
196.53;;
188.47;;
189.67;;
194.59;;
226.69;;
281.95;;
296.75;;
278.86;;
255.66;;
215.29;;
206.22;;
200.62;;
210.90;;
213.28;;
214.27;;
219.97;;
230.41;;
249.50;;
296.42;;
292.88;;
294.99;;
288.72;;
267.21;;
255.75;;
249.01;;
242.74;;
242.92;;
268.26;;
318.74;;
375.17;;
407.97;;
404.75;;
407.40;;
407.85;;
417.96;;
423.68;;
427.00;;
424.78;;
420.58;;
411.16;;
412.76;;
426.22;;
409.63;;
390.61;;
379.87;;
367.80;;
335.77;;
298.68;;
260.92;;
238.56;;
244.56;;
306.37;;
360.58;;
402.23;;
420.44;;
404.85;;
407.17;;
391.98;;
367.24;;
341.36;;
339.96;;
334.30;;
332.16;;
334.66;;
340.95;;
357.97;;
378.39;;
375.40;;
370.11;;
352.08;;
326.65;;
282.87;;
239.31;;
218.19;;
231.86;;
272.97;;
316.81;;
362.50;;
393.74;;
393.64;;
401.89;;
414.36;;
427.96;;
438.49;;
441.18;;
439.68;;
448.48;;
448.75;;
455.21;;
473.31;;
487.79;;
488.09;;
438.80;;
375.44;;
330.62;;
293.63;;
245.74;;
220.66;;
228.60;;
292.66;;
363.05;;
422.71;;
421.46;;
393.15;;
364.77;;
330.13;;
331.20;;
312.03;;
288.61;;
298.00;;
298.77;;
309.20;;
326.68;;
352.98;;
397.03;;
393.02;;
387.12;;
379.63;;
371.02;;
356.32;;
324.79;;
316.93;;
318.42;;
346.41;;
385.77;;
410.67;;
408.50;;
413.31;;
424.38;;
416.87;;
418.83;;
417.89;;
397.01;;
386.04;;
398.02;;
403.10;;
411.20;;
453.45;;
477.23;;
469.87;;
458.03;;
449.95;;
436.33;;
409.25;;
384.60;;
373.63;;
395.20;;
429.80;;
482.02;;
531.16;;
534.83;;
524.86;;
533.44;;
557.06;;
569.03;;
580.73;;
572.02;;
544.43;;
537.67;;
532.81;;
538.93;;
566.58;;
562.84;;
522.11;;
511.82;;
484.17;;
447.30;;
426.84;;
407.29;;
401.09;;
410.82;;
434.61;;
482.28;;
519.89;;
519.79;;
506.89;;
509.67;;
512.41;;
506.66;;
501.76;;
483.62;;
455.17;;
459.21;;
470.05;;
481.25;;
501.84;;
498.71;;
478.04;;
459.46;;
460.01;;
458.19;;
460.43;;
454.88;;
452.29;;
465.39;;
490.18;;
512.90;;
526.34;;
507.84;;
509.62;;
527.38;;
529.22;;
532.81;;
537.46;;
529.45;;
516.92;;
510.68;;
507.16;;
510.52;;
527.85;;
545.56;;
508.88;;
490.95;;
474.35;;
472.62;;
456.50;;
450.29;;
456.38;;
462.93;;
486.03;;
506.52;;
515.23;;
499.00;;
480.89;;
495.02;;
493.65;;
485.81;;
479.16;;
463.56;;
449.23;;
444.83;;
434.66;;
450.26;;
476.80;;
494.09;;
491.36;;
477.96;;
451.86;;
414.49;;
378.12;;
332.06;;
310.81;;
307.05;;
311.55;;
340.85;;
375.79;;
378.04;;
360.26;;
348.04;;
339.87;;
342.53;;
341.63;;
318.09;;
296.37;;
286.20;;
291.41;;
308.74;;
316.94;;
303.60;;
319.44;;
317.30;;
306.16;;
269.06;;
229.33;;
213.58;;
217.08;;
220.58;;
240.21;;
331.61;;
403.21;;
420.77;;
429.22;;
447.40;;
481.57;;
490.59;;
490.82;;
453.22;;
423.75;;
397.69;;
377.59;;
359.74;;
356.27;;
379.10;;
374.99;;
353.23;;
335.21;;
326.88;;
312.67;;
295.41;;
296.97;;
318.60;;
353.03;;
386.18;;
409.35;;
412.13;;
404.92;;
433.71;;
441.62;;
441.62;;
442.19;;
423.50;;
423.62;;
429.43;;
434.38;;
450.82;;
495.42;;
507.49;;
491.16;;
485.13;;
474.23;;
465.78;;
441.53;;
403.22;;
372.57;;
360.80;;
378.15;;
420.16;;
459.46;;
458.63;;
451.25;;
463.53;;
460.20;;
449.83;;
427.60;;
407.11;;
396.52;;
391.88;;
402.16;;
424.68;;
454.47;;
490.71;;
481.78;;
477.66;;
479.75;;
460.81;;
437.21;;
420.99;;
409.05;;
408.35;;
428.53;;
456.59;;
473.52;;
455.30;;
436.81;;
422.50;;
395.62;;
369.01;;
334.15;;
304.33;;
285.88;;
278.94;;
274.86;;
274.32;;
289.05;;
314.77;;
308.14;;
300.59;;
303.24;;
299.87;;
287.89;;
279.16;;
290.21;;
301.83;;
318.97;;
338.41;;
341.21;;
341.82;;
336.37;;
344.20;;
353.59;;
358.66;;
348.08;;
324.70;;
323.32;;
329.44;;
352.64;;
359.35;;
389.60;;
428.31;;
433.44;;
432.36;;
438.55;;
427.11;;
433.66;;
445.39;;
448.25;;
450.06;;
455.43;;
467.18;;
477.91;;
462.94;;
464.31;;
476.31;;
466.67;;
467.18;;
472.72;;
464.72;;
452.24;;
424.33;;
406.80;;
403.15;;
411.41;;
423.93;;
421.62;;
404.93;;
377.96;;
348.44;;
321.82;;
285.44;;
259.28;;
257.57;;
280.44;;
341.36;;
387.88;;
377.98;;
362.19;;
379.36;;
379.10;;
390.63;;
404.47;;
413.51;;
408.57;;
408.88;;
413.51;;
415.42;;
432.30;;
448.84;;
448.56;;
416.71;;
367.35;;
331.84;;
315.28;;
298.06;;
285.71;;
292.76;;
326.77;;
337.68;;
326.19;;
299.43;;
273.91;;
256.79;;
250.50;;
250.34;;
233.61;;
215.52;;
215.58;;
211.02;;
211.70;;
208.77;;
211.25;;
232.95;;
248.71;;
247.48;;
246.35;;
237.74;;
232.20;;
227.00;;
219.14;;
225.35;;
242.77;;
257.52;;
285.97;;
280.27;;
269.56;;
280.01;;
267.21;;
264.33;;
248.15;;
239.03;;
234.64;;
232.97;;
234.84;;
242.73;;
269.70;;
317.92;;
323.92;;
316.46;;
316.92;;
301.27;;
290.97;;
288.94;;
267.29;;
279.48;;
310.46;;
351.49;;
391.50;;
394.11;;
389.54;;
400.01;;
415.41;;
421.98;;
425.85;;
428.95;;
441.54;;
442.97;;
436.57;;
437.76;;
462.20;;
461.66;;
431.33;;
417.62;;
408.40;;
393.16;;
372.76;;
360.22;;
359.83;;
363.57;;
383.89;;
410.56;;
436.55;;
413.80;;
397.70;;
394.90;;
388.75;;
382.81;;
373.35;;
356.76;;
376.24;;
388.70;;
391.62;;
410.82;;
432.92;;
445.87;;
412.58;;
407.75;;
379.74;;
355.36;;
333.24;;
318.52;;
314.04;;
321.71;;
348.52;;
375.38;;
392.26;;
366.44;;
345.53;;
344.39;;
345.38;;
338.28;;
330.79;;
321.35;;
337.66;;
347.93;;
361.36;;
370.39;;
374.14;;
395.28;;
381.84;;
373.30;;
356.93;;
339.15;;
322.64;;
324.09;;
317.73;;
330.00;;
341.49;;
345.80;;
353.56;;
344.32;;
320.83;;
310.07;;
312.86;;
326.51;;
339.54;;
365.45;;
374.92;;
381.12;;
389.70;;
417.66;;
444.53;;
462.00;;
458.09;;
445.95;;
412.35;;
381.46;;
354.89;;
334.87;;
321.78;;
335.48;;
388.12;;
443.57;;
464.57;;
424.12;;
409.22;;
415.00;;
408.77;;
408.63;;
408.61;;
427.64;;
381.14;;
378.27;;
372.15;;
357.46;;
354.48;;
372.97;;
400.95;;
423.23;;
390.23;;
350.83;;
314.45;;
305.96;;
314.72;;
333.17;;
380.58;;
443.54;;
483.74;;
457.88;;
427.28;;
441.24;;
453.08;;
444.08;;
436.66;;
418.22;;
424.75;;
423.86;;
425.01;;
426.60;;
446.18;;
470.89;;
467.82;;
465.92;;
442.11;;
412.45;;
388.75;;
387.76;;
387.81;;
405.53;;
423.72;;
446.48;;
430.91;;
410.88;;
400.94;;
402.38;;
383.18;;
360.86;;
340.22;;
318.31;;
