TempTMT [Â°C],-17,-16,-15,-14,-13,-12,-11,-10,-9,-8,-7,-6,-5,-4,-3,-2,-1,0,1,2,3,4,5,6,7,8,9,10,11,12,13,14,15,16,17
00:00-00:15,"1,7004","1,7005","1,6918","1,6802","1,6655","1,6479","1,6275","1,6041","1,5779","1,5489","1,3379","1,4826","1,4453","1,4054","1,3673","1,3261","1,2818","1,2369","1,1865","1,1331","1,0431","0,9563","0,8705","0,7868","0,7052","0,6256","0,5481","0,4727","0,3992","0,3278","0,2583","0,1922","0,1262","0,0547","0,0060"
00:15-00:30,"1,9286","1,9287","1,9189","1,9057","1,8891","1,8691","1,8459","1,8194","1,7897","1,7568","1,5174","1,6816","1,6393","1,5940","1,5508","1,5040","1,4538","1,4057","1,3484","1,2877","1,1855","1,0868","0,9893","0,8942","0,8014","0,7110","0,6229","0,5372","0,4537","0,3725","0,2936","0,2184","0,1434","0,0547","0,0066"
00:30-00:45,"1,9344","1,9345","1,9247","1,9114","1,8947","1,8748","1,8515","1,8249","1,7951","1,7621","1,5220","1,6867","1,6443","1,5988","1,5555","1,5086","1,4582","1,4099","1,3524","1,2916","1,1890","1,0900","0,9922","0,8968","0,8038","0,7132","0,6248","0,5388","0,4551","0,3737","0,2945","0,2190","0,1439","0,0549","0,0066"
00:45-01:00,"1,9328","1,9329","1,9231","1,9098","1,8932","1,8732","1,8499","1,8234","1,7936","1,7607","1,5207","1,6853","1,6429","1,5975","1,5542","1,5073","1,4570","1,4088","1,3513","1,2905","1,1880","1,0891","0,9914","0,8961","0,8032","0,7126","0,6243","0,5384","0,4547","0,3733","0,2942","0,2189","0,1437","0,0548","0,0066"
01:00-01:15,"1,9316","1,9317","1,9219","1,9086","1,8920","1,8720","1,8488","1,8223","1,7925","1,7596","1,5198","1,6842","1,6419","1,5965","1,5532","1,5064","1,4561","1,4079","1,3505","1,2897","1,1873","1,0885","0,9908","0,8955","0,8027","0,7121","0,6239","0,5380","0,4544","0,3731","0,2940","0,2187","0,1437","0,0548","0,0066"
01:15-01:30,"1,9250","1,9251","1,9153","1,9021","1,8856","1,8657","1,8425","1,8160","1,7864","1,7536","1,5146","1,6785","1,6363","1,5911","1,5479","1,5012","1,4511","1,4031","1,3459","1,2853","1,1833","1,0847","0,9874","0,8925","0,7999","0,7097","0,6218","0,5362","0,4529","0,3718","0,2930","0,2180","0,1432","0,0546","0,0066"
01:30-01:45,"1,9247","1,9248","1,9150","1,9018","1,8852","1,8654","1,8422","1,8158","1,7861","1,7533","1,5144","1,6782","1,6360","1,5908","1,5477","1,5010","1,4509","1,4028","1,3457","1,2851","1,1831","1,0846","0,9873","0,8924","0,7998","0,7096","0,6217","0,5361","0,4528","0,3718","0,2930","0,2179","0,1431","0,0546","0,0066"
01:45-02:00,"1,9305","1,9307","1,9208","1,9076","1,8910","1,8710","1,8478","1,8213","1,7915","1,7586","1,5190","1,6833","1,6410","1,5956","1,5524","1,5056","1,4553","1,4071","1,3497","1,2890","1,1866","1,0879","0,9903","0,8951","0,8022","0,7117","0,6236","0,5377","0,4542","0,3729","0,2939","0,2186","0,1436","0,0548","0,0066"
02:00-02:15,"1,9342","1,9344","1,9245","1,9112","1,8946","1,8746","1,8513","1,8248","1,7950","1,7620","1,5219","1,6865","1,6441","1,5987","1,5553","1,5085","1,4581","1,4098","1,3523","1,2915","1,1889","1,0899","0,9922","0,8968","0,8038","0,7131","0,6248","0,5388","0,4551","0,3736","0,2945","0,2190","0,1439","0,0549","0,0066"
02:15-02:30,"1,9336","1,9338","1,9239","1,9107","1,8940","1,8740","1,8508","1,8242","1,7944","1,7614","1,5214","1,6860","1,6436","1,5982","1,5549","1,5080","1,4576","1,4094","1,3519","1,2911","1,1886","1,0896","0,9919","0,8965","0,8035","0,7129","0,6246","0,5386","0,4549","0,3735","0,2944","0,2189","0,1438","0,0549","0,0066"
02:30-02:45,"1,9299","1,9301","1,9202","1,9070","1,8904","1,8704","1,8472","1,8207","1,7910","1,7580","1,5185","1,6828","1,6405","1,5951","1,5519","1,5051","1,4548","1,4067","1,3493","1,2886","1,1863","1,0875","0,9900","0,8948","0,8020","0,7115","0,6234","0,5376","0,4540","0,3728","0,2938","0,2185","0,1435","0,0548","0,0066"
02:45-03:00,"1,9332","1,9334","1,9235","1,9103","1,8936","1,8736","1,8504","1,8238","1,7940","1,7611","1,5211","1,6856","1,6433","1,5979","1,5545","1,5077","1,4573","1,4091","1,3516","1,2908","1,1883","1,0894","0,9917","0,8963","0,8033","0,7127","0,6244","0,5385","0,4548","0,3734","0,2943","0,2189","0,1438","0,0548","0,0066"
03:00-03:15,"1,9446","1,9448","1,9349","1,9215","1,9048","1,8847","1,8613","1,8346","1,8046","1,7714","1,5301","1,6956","1,6530","1,6073","1,5637","1,5166","1,4659","1,4174","1,3596","1,2984","1,1953","1,0958","0,9975","0,9016","0,8081","0,7169","0,6281","0,5417","0,4575","0,3756","0,2960","0,2202","0,1446","0,0552","0,0067"
03:15-03:30,"1,9593","1,9594","1,9494","1,9360","1,9191","1,8989","1,8753","1,8484","1,8182","1,7848","1,5416","1,7083","1,6654","1,6194","1,5755","1,5280","1,4769","1,4280","1,3698","1,3082","1,2043","1,1041","1,0050","0,9084","0,8142","0,7223","0,6329","0,5457","0,4609","0,3785","0,2983","0,2218","0,1457","0,0556","0,0067"
03:30-03:45,"1,9583","1,9585","1,9485","1,9351","1,9182","1,8980","1,8744","1,8475","1,8173","1,7839","1,5408","1,7075","1,6646","1,6186","1,5747","1,5272","1,4762","1,4274","1,3692","1,3076","1,2037","1,1035","1,0045","0,9079","0,8138","0,7220","0,6326","0,5455","0,4607","0,3783","0,2981","0,2217","0,1456","0,0556","0,0067"
03:45-04:00,"1,9552","1,9553","1,9454","1,9320","1,9151","1,8949","1,8714","1,8445","1,8144","1,7811","1,5384","1,7048","1,6620","1,6160","1,5722","1,5248","1,4739","1,4251","1,3670","1,3055","1,2018","1,1018","1,0029","0,9065","0,8125","0,7208","0,6315","0,5446","0,4600","0,3777","0,2976","0,2214","0,1454","0,0555","0,0067"
04:00-04:15,"1,9538","1,9539","1,9440","1,9306","1,9137","1,8936","1,8700","1,8432","1,8131","1,7798","1,5373","1,7036","1,6608","1,6149","1,5711","1,5237","1,4728","1,4241","1,3660","1,3045","1,2010","1,1010","1,0022","0,9058","0,8119","0,7203","0,6311","0,5442","0,4597","0,3774","0,2974","0,2212","0,1453","0,0554","0,0067"
04:15-04:30,"1,9507","1,9509","1,9409","1,9276","1,9108","1,8906","1,8671","1,8403","1,8103","1,7770","1,5349","1,7009","1,6582","1,6123","1,5686","1,5213","1,4705","1,4218","1,3639","1,3025","1,1991","1,0993","1,0006","0,9044","0,8106","0,7192","0,6301","0,5434","0,4589","0,3768","0,2970","0,2209","0,1451","0,0553","0,0067"
04:30-04:45,"1,9531","1,9533","1,9433","1,9299","1,9131","1,8929","1,8694","1,8426","1,8125","1,7792","1,5368","1,7030","1,6602","1,6143","1,5705","1,5232","1,4723","1,4236","1,3655","1,3041","1,2006","1,1006","1,0019","0,9055","0,8116","0,7201","0,6309","0,5440","0,4595","0,3773","0,2973","0,2212","0,1453","0,0554","0,0067"
04:45-05:00,"1,9570","1,9572","1,9472","1,9337","1,9169","1,8967","1,8731","1,8462","1,8161","1,7827","1,5398","1,7064","1,6635","1,6175","1,5737","1,5262","1,4752","1,4264","1,3683","1,3067","1,2029","1,1028","1,0039","0,9073","0,8132","0,7215","0,6321","0,5451","0,4604","0,3780","0,2979","0,2216","0,1455","0,0555","0,0067"
05:00-05:15,"1,9578","1,9580","1,9480","1,9346","1,9177","1,8975","1,8739","1,8470","1,8169","1,7835","1,5405","1,7071","1,6642","1,6182","1,5743","1,5269","1,4759","1,4270","1,3688","1,3072","1,2034","1,1033","1,0043","0,9077","0,8136","0,7218","0,6324","0,5453","0,4606","0,3782","0,2980","0,2217","0,1456","0,0555","0,0067"
05:15-05:30,"1,9543","1,9544","1,9445","1,9310","1,9142","1,8940","1,8705","1,8437","1,8136","1,7802","1,5376","1,7040","1,6612","1,6153","1,5715","1,5241","1,4732","1,4244","1,3663","1,3048","1,2013","1,1012","1,0024","0,9061","0,8121","0,7205","0,6312","0,5443","0,4598","0,3775","0,2975","0,2213","0,1453","0,0554","0,0067"
05:30-05:45,"1,9602","1,9603","1,9503","1,9369","1,9200","1,8997","1,8761","1,8492","1,8190","1,7856","1,5423","1,7091","1,6662","1,6201","1,5762","1,5287","1,4776","1,4287","1,3705","1,3088","1,2049","1,1046","1,0055","0,9088","0,8145","0,7227","0,6331","0,5460","0,4612","0,3786","0,2984","0,2219","0,1458","0,0556","0,0067"
05:45-06:00,"1,9622","1,9624","1,9524","1,9389","1,9220","1,9018","1,8781","1,8512","1,8210","1,7875","1,5439","1,7109","1,6679","1,6218","1,5779","1,5303","1,4792","1,4302","1,3719","1,3102","1,2061","1,1057","1,0065","0,9098","0,8154","0,7234","0,6338","0,5466","0,4616","0,3790","0,2987","0,2222","0,1459","0,0557","0,0067"
06:00-06:15,"1,4921","1,4922","1,4846","1,4744","1,4616","1,4461","1,4282","1,4077","1,3847","1,3593","1,1740","1,3010","1,2684","1,2333","1,1999","1,1637","1,1248","1,0876","1,0432","0,9963","0,9172","0,8408","0,7654","0,6918","0,6201","0,5501","0,4820","0,4156","0,3510","0,2882","0,2272","0,1690","0,1110","0,0423","0,0051"
06:15-06:30,"1,4998","1,4999","1,4922","1,4819","1,4690","1,4535","1,4355","1,4149","1,3918","1,3662","1,1800","1,3077","1,2748","1,2396","1,2060","1,1696","1,1306","1,0931","1,0486","1,0014","0,9219","0,8451","0,7693","0,6953","0,6232","0,5529","0,4844","0,4177","0,3528","0,2897","0,2283","0,1698","0,1115","0,0426","0,0051"
06:30-06:45,"1,4989","1,4990","1,4914","1,4811","1,4682","1,4527","1,4346","1,4141","1,3910","1,3654","1,1793","1,3069","1,2741","1,2389","1,2053","1,1689","1,1299","1,0925","1,0480","1,0008","0,9213","0,8446","0,7689","0,6949","0,6229","0,5526","0,4842","0,4175","0,3526","0,2895","0,2282","0,1697","0,1115","0,0425","0,0051"
06:45-07:00,"1,5002","1,5003","1,4926","1,4823","1,4694","1,4539","1,4359","1,4153","1,3921","1,3666","1,1803","1,3080","1,2752","1,2399","1,2063","1,1699","1,1308","1,0934","1,0488","1,0016","0,9221","0,8453","0,7695","0,6955","0,6234","0,5531","0,4846","0,4179","0,3529","0,2898","0,2284","0,1699","0,1116","0,0426","0,0051"
07:00-07:15,"1,5083","1,5084","1,5007","1,4903","1,4773","1,4618","1,4436","1,4229","1,3997","1,3739","1,1867","1,3151","1,2820","1,2466","1,2128","1,1762","1,1370","1,0993","1,0545","1,0070","0,9271","0,8499","0,7737","0,6993","0,6267","0,5561","0,4872","0,4201","0,3548","0,2913","0,2296","0,1708","0,1122","0,0428","0,0052"
07:15-07:30,"1,5111","1,5112","1,5035","1,4931","1,4801","1,4645","1,4463","1,4256","1,4023","1,3765","1,1889","1,3176","1,2845","1,2490","1,2151","1,1785","1,1391","1,1014","1,0565","1,0089","0,9288","0,8515","0,7751","0,7006","0,6279","0,5571","0,4881","0,4209","0,3555","0,2919","0,2300","0,1711","0,1124","0,0429","0,0052"
07:30-07:45,"1,5080","1,5081","1,5005","1,4901","1,4771","1,4615","1,4434","1,4227","1,3995","1,3737","1,1865","1,3149","1,2819","1,2464","1,2126","1,1761","1,1368","1,0992","1,0543","1,0069","0,9270","0,8498","0,7735","0,6992","0,6267","0,5560","0,4871","0,4200","0,3548","0,2913","0,2296","0,1708","0,1122","0,0428","0,0052"
07:45-08:00,"1,5037","1,5038","1,4961","1,4858","1,4728","1,4573","1,4392","1,4186","1,3954","1,3697","1,1831","1,3111","1,2781","1,2428","1,2091","1,1727","1,1335","1,0960","1,0513","1,0040","0,9243","0,8473","0,7713","0,6971","0,6248","0,5544","0,4857","0,4188","0,3538","0,2904","0,2289","0,1703","0,1118","0,0427","0,0052"
08:00-08:15,"1,4966","1,4967","1,4890","1,4788","1,4659","1,4504","1,4324","1,4118","1,3888","1,3633","1,1775","1,3049","1,2721","1,2369","1,2034","1,1671","1,1281","1,0908","1,0463","0,9992","0,9199","0,8433","0,7677","0,6939","0,6219","0,5517","0,4834","0,4169","0,3521","0,2891","0,2278","0,1695","0,1113","0,0425","0,0051"
08:15-08:30,"1,4931","1,4933","1,4856","1,4754","1,4625","1,4471","1,4291","1,4086","1,3856","1,3602","1,1748","1,3019","1,2692","1,2341","1,2007","1,1645","1,1256","1,0883","1,0439","0,9970","0,9178","0,8414","0,7659","0,6923","0,6205","0,5505","0,4823","0,4159","0,3513","0,2884","0,2273","0,1691","0,1110","0,0424","0,0051"
08:30-08:45,"1,4942","1,4943","1,4867","1,4765","1,4636","1,4482","1,4302","1,4096","1,3866","1,3611","1,1757","1,3029","1,2701","1,2350","1,2015","1,1653","1,1264","1,0891","1,0447","0,9977","0,9185","0,8420","0,7665","0,6928","0,6209","0,5509","0,4826","0,4162","0,3515","0,2886","0,2275","0,1692","0,1111","0,0424","0,0051"
08:45-09:00,"1,4883","1,4884","1,4808","1,4706","1,4578","1,4424","1,4245","1,4040","1,3811","1,3557","1,1710","1,2977","1,2651","1,2301","1,1967","1,1607","1,1219","1,0848","1,0405","0,9937","0,9148","0,8386","0,7634","0,6900","0,6184","0,5487","0,4807","0,4145","0,3501","0,2875","0,2266","0,1685","0,1107","0,0422","0,0051"
09:00-09:15,"1,4885","1,4886","1,4810","1,4708","1,4580","1,4426","1,4247","1,4042","1,3813","1,3559","1,1711","1,2978","1,2652","1,2303","1,1969","1,1608","1,1220","1,0849","1,0407","0,9938","0,9149","0,8388","0,7635","0,6901","0,6185","0,5488","0,4808","0,4146","0,3502","0,2875","0,2266","0,1685","0,1107","0,0422","0,0051"
09:15-09:30,"1,4837","1,4838","1,4762","1,4660","1,4533","1,4379","1,4201","1,3997","1,3768","1,3515","1,1674","1,2937","1,2612","1,2263","1,1930","1,1571","1,1184","1,0814","1,0373","0,9906","0,9120","0,8361","0,7610","0,6879","0,6165","0,5470","0,4792","0,4133","0,3491","0,2866","0,2259","0,1680","0,1103","0,0421","0,0051"
09:30-09:45,"1,4724","1,4725","1,4650","1,4549","1,4422","1,4270","1,4092","1,3890","1,3663","1,3412","1,1585","1,2838","1,2515","1,2169","1,1839","1,1482","1,1099","1,0732","1,0294","0,9831","0,9050","0,8297","0,7552","0,6826","0,6118","0,5428","0,4756","0,4101","0,3464","0,2844","0,2241","0,1667","0,1095","0,0418","0,0051"
09:45-10:00,"1,4655","1,4656","1,4582","1,4481","1,4355","1,4204","1,4027","1,3826","1,3600","1,3350","1,1531","1,2778","1,2457","1,2113","1,1784","1,1429","1,1047","1,0682","1,0246","0,9785","0,9008","0,8258","0,7517","0,6795","0,6090","0,5403","0,4734","0,4082","0,3448","0,2831","0,2231","0,1659","0,1090","0,0416","0,0050"
10:00-10:15,"1,4566","1,4567","1,4493","1,4393","1,4268","1,4117","1,3942","1,3742","1,3517","1,3269","1,1461","1,2701","1,2382","1,2039","1,1713","1,1360","1,0980","1,0617","1,0184","0,9726","0,8953","0,8208","0,7472","0,6753","0,6053","0,5370","0,4705","0,4057","0,3427","0,2814","0,2217","0,1649","0,1083","0,0413","0,0050"
10:15-10:30,"1,4446","1,4447","1,4374","1,4274","1,4150","1,4001","1,3827","1,3629","1,3406","1,3160","1,1366","1,2596","1,2280","1,1940","1,1616","1,1266","1,0890","1,0529","1,0100","0,9646","0,8880","0,8140","0,7410","0,6698","0,6003","0,5326","0,4666","0,4024","0,3399","0,2790","0,2199","0,1636","0,1074","0,0410","0,0050"
10:30-10:45,"1,4336","1,4337","1,4264","1,4165","1,4042","1,3894","1,3721","1,3524","1,3303","1,3059","1,1279","1,2500","1,2186","1,1849","1,1527","1,1180","1,0806","1,0449","1,0023","0,9572","0,8812","0,8078","0,7353","0,6646","0,5957","0,5285","0,4631","0,3993","0,3373","0,2769","0,2182","0,1623","0,1066","0,0407","0,0049"
10:45-11:00,"1,4256","1,4257","1,4185","1,4087","1,3964","1,3817","1,3645","1,3449","1,3230","1,2987","1,1217","1,2430","1,2118","1,1783","1,1464","1,1118","1,0747","1,0391","0,9967","0,9519","0,8763","0,8033","0,7313","0,6610","0,5924","0,5256","0,4605","0,3971","0,3354","0,2754","0,2170","0,1614","0,1060","0,0404","0,0049"
11:00-11:15,"0,0000","0,0000","0,0000","0,0000","0,0000","0,0000","0,0000","0,0000","0,0000","0,0000","0,0000","0,0000","0,0000","0,0000","0,0000","0,0000","0,0000","0,0000","0,0000","0,0000","0,0000","0,0000","0,0000","0,0000","0,0000","0,0000","0,0000","0,0000","0,0000","0,0000","0,0000","0,0000","0,0000","0,0000","0,0000"
11:15-11:30,"0,0000","0,0000","0,0000","0,0000","0,0000","0,0000","0,0000","0,0000","0,0000","0,0000","0,0000","0,0000","0,0000","0,0000","0,0000","0,0000","0,0000","0,0000","0,0000","0,0000","0,0000","0,0000","0,0000","0,0000","0,0000","0,0000","0,0000","0,0000","0,0000","0,0000","0,0000","0,0000","0,0000","0,0000","0,0000"
11:30-11:45,"0,0000","0,0000","0,0000","0,0000","0,0000","0,0000","0,0000","0,0000","0,0000","0,0000","0,0000","0,0000","0,0000","0,0000","0,0000","0,0000","0,0000","0,0000","0,0000","0,0000","0,0000","0,0000","0,0000","0,0000","0,0000","0,0000","0,0000","0,0000","0,0000","0,0000","0,0000","0,0000","0,0000","0,0000","0,0000"
11:45-12:00,"0,0000","0,0000","0,0000","0,0000","0,0000","0,0000","0,0000","0,0000","0,0000","0,0000","0,0000","0,0000","0,0000","0,0000","0,0000","0,0000","0,0000","0,0000","0,0000","0,0000","0,0000","0,0000","0,0000","0,0000","0,0000","0,0000","0,0000","0,0000","0,0000","0,0000","0,0000","0,0000","0,0000","0,0000","0,0000"
12:00-12:15,"1,3553","1,3554","1,3485","1,3392","1,3275","1,3135","1,2972","1,2786","1,2577","1,2346","1,0664","1,1817","1,1520","1,1202","1,0898","1,0569","1,0216","0,9878","0,9476","0,9049","0,8331","0,7637","0,6952","0,6284","0,5632","0,4997","0,4378","0,3775","0,3188","0,2618","0,2063","0,1535","0,1008","0,0385","0,0047"
12:15-12:30,"1,3499","1,3500","1,3431","1,3338","1,3222","1,3083","1,2920","1,2735","1,2527","1,2297","1,0621","1,1770","1,1474","1,1157","1,0855","1,0527","1,0176","0,9839","0,9438","0,9013","0,8297","0,7607","0,6924","0,6259","0,5609","0,4977","0,4360","0,3760","0,3176","0,2607","0,2055","0,1528","0,1004","0,0383","0,0046"
12:30-12:45,"1,3388","1,3389","1,3321","1,3229","1,3114","1,2976","1,2814","1,2630","1,2424","1,2196","1,0534","1,1674","1,1380","1,1066","1,0766","1,0441","1,0092","0,9758","0,9360","0,8939","0,8229","0,7544","0,6868","0,6207","0,5563","0,4936","0,4325","0,3729","0,3150","0,2586","0,2038","0,1516","0,0996","0,0380","0,0046"
12:45-13:00,"1,3350","1,3351","1,3283","1,3191","1,3076","1,2938","1,2778","1,2594","1,2389","1,2161","1,0504","1,1640","1,1348","1,1034","1,0735","1,0411","1,0063","0,9730","0,9334","0,8914","0,8206","0,7523","0,6848","0,6189","0,5547","0,4922","0,4312","0,3718","0,3141","0,2579","0,2032","0,1512","0,0993","0,0379","0,0046"
13:00-13:15,"1,3340","1,3341","1,3273","1,3181","1,3066","1,2929","1,2768","1,2585","1,2379","1,2152","1,0496","1,1631","1,1339","1,1026","1,0727","1,0403","1,0056","0,9723","0,9327","0,8907","0,8200","0,7517","0,6843","0,6185","0,5543","0,4918","0,4309","0,3716","0,3138","0,2577","0,2031","0,1510","0,0992","0,0378","0,0046"
13:15-13:30,"1,3265","1,3266","1,3198","1,3107","1,2993","1,2856","1,2696","1,2514","1,2310","1,2084","1,0437","1,1566","1,1276","1,0964","1,0667","1,0345","0,9999","0,9669","0,9274","0,8857","0,8154","0,7475","0,6804","0,6150","0,5512","0,4890","0,4285","0,3695","0,3121","0,2562","0,2019","0,1502","0,0987","0,0376","0,0046"
13:30-13:45,"1,3231","1,3232","1,3164","1,3074","1,2960","1,2823","1,2664","1,2482","1,2278","1,2052","1,0410","1,1536","1,1246","1,0936","1,0639","1,0318","0,9974","0,9644","0,9250","0,8834","0,8133","0,7456","0,6787","0,6134","0,5498","0,4878","0,4274","0,3685","0,3113","0,2556","0,2014","0,1498","0,0984","0,0375","0,0045"
13:45-14:00,"1,3208","1,3209","1,3142","1,3051","1,2938","1,2801","1,2642","1,2461","1,2257","1,2032","1,0392","1,1517","1,1227","1,0917","1,0621","1,0301","0,9957","0,9627","0,9235","0,8819","0,8119","0,7443","0,6775","0,6124","0,5489","0,4870","0,4266","0,3679","0,3107","0,2551","0,2011","0,1496","0,0982","0,0375","0,0045"
14:00-14:15,"1,3205","1,3206","1,3139","1,3048","1,2934","1,2798","1,2639","1,2458","1,2254","1,2029","1,0390","1,1514","1,1225","1,0914","1,0618","1,0298","0,9954","0,9625","0,9232","0,8817","0,8117","0,7441","0,6774","0,6122","0,5487","0,4868","0,4265","0,3678","0,3107","0,2551","0,2010","0,1495","0,0982","0,0375","0,0045"
14:15-14:30,"1,3200","1,3201","1,3134","1,3044","1,2930","1,2794","1,2635","1,2453","1,2250","1,2025","1,0386","1,1510","1,1221","1,0911","1,0615","1,0295","0,9951","0,9621","0,9229","0,8814","0,8114","0,7439","0,6771","0,6120","0,5485","0,4867","0,4264","0,3677","0,3106","0,2550","0,2010","0,1495","0,0982","0,0375","0,0045"
14:30-14:45,"1,3161","1,3162","1,3095","1,3005","1,2892","1,2756","1,2597","1,2416","1,2214","1,1989","1,0355","1,1476","1,1187","1,0878","1,0583","1,0264","0,9921","0,9593","0,9202","0,8788","0,8090","0,7416","0,6751","0,6102","0,5469","0,4852","0,4251","0,3666","0,3096","0,2542","0,2004","0,1490","0,0979","0,0373","0,0045"
14:45-15:00,"1,3165","1,3166","1,3099","1,3009","1,2895","1,2759","1,2601","1,2420","1,2217","1,1993","1,0359","1,1479","1,1191","1,0881","1,0586","1,0267","0,9924","0,9596","0,9204","0,8790","0,8092","0,7419","0,6753","0,6104","0,5471","0,4854","0,4252","0,3667","0,3097","0,2543","0,2004","0,1491","0,0979","0,0374","0,0045"
15:00-15:15,"1,3222","1,3223","1,3155","1,3065","1,2951","1,2814","1,2655","1,2473","1,2270","1,2044","1,0403","1,1528","1,1239","1,0928","1,0632","1,0311","0,9967","0,9637","0,9244","0,8828","0,8127","0,7451","0,6782","0,6130","0,5494","0,4874","0,4271","0,3683","0,3111","0,2554","0,2013","0,1497","0,0983","0,0375","0,0045"
15:15-15:30,"1,3198","1,3199","1,3132","1,3041","1,2928","1,2791","1,2632","1,2451","1,2248","1,2023","1,0384","1,1508","1,1219","1,0909","1,0613","1,0293","0,9949","0,9620","0,9227","0,8812","0,8113","0,7437","0,6770","0,6119","0,5484","0,4866","0,4263","0,3676","0,3105","0,2549","0,2009","0,1494","0,0982","0,0374","0,0045"
15:30-15:45,"1,3135","1,3136","1,3069","1,2979","1,2866","1,2731","1,2572","1,2392","1,2190","1,1966","1,0335","1,1453","1,1165","1,0857","1,0562","1,0244","0,9902","0,9574","0,9184","0,8770","0,8074","0,7402","0,6738","0,6090","0,5458","0,4843","0,4243","0,3659","0,3090","0,2537","0,2000","0,1487","0,0977","0,0373","0,0045"
15:45-16:00,"1,3139","1,3140","1,3073","1,2982","1,2869","1,2734","1,2575","1,2395","1,2193","1,1969","1,0338","1,1456","1,1168","1,0859","1,0565","1,0246","0,9904","0,9576","0,9186","0,8773","0,8076","0,7404","0,6739","0,6092","0,5460","0,4844","0,4244","0,3660","0,3091","0,2538","0,2000","0,1488","0,0977","0,0373","0,0045"
16:00-16:15,"1,3221","1,3222","1,3154","1,3064","1,2950","1,2813","1,2654","1,2472","1,2269","1,2043","1,0402","1,1528","1,1238","1,0927","1,0631","1,0310","0,9966","0,9636","0,9243","0,8827","0,8126","0,7450","0,6782","0,6130","0,5494","0,4874","0,4270","0,3683","0,3110","0,2554","0,2013","0,1497","0,0983","0,0375","0,0045"
16:15-16:30,"1,3265","1,3266","1,3198","1,3107","1,2993","1,2856","1,2696","1,2514","1,2310","1,2084","1,0437","1,1566","1,1275","1,0964","1,0667","1,0345","0,9999","0,9668","0,9274","0,8857","0,8154","0,7475","0,6804","0,6150","0,5512","0,4890","0,4285","0,3695","0,3121","0,2562","0,2019","0,1502","0,0987","0,0376","0,0046"
16:30-16:45,"1,3356","1,3357","1,3289","1,3197","1,3082","1,2944","1,2783","1,2600","1,2394","1,2166","1,0508","1,1645","1,1353","1,1039","1,0740","1,0416","1,0068","0,9735","0,9338","0,8917","0,8210","0,7526","0,6851","0,6192","0,5550","0,4924","0,4314","0,3720","0,3142","0,2580","0,2033","0,1512","0,0993","0,0379","0,0046"
16:45-17:00,"1,3374","1,3375","1,3307","1,3215","1,3100","1,2962","1,2801","1,2617","1,2411","1,2183","1,0523","1,1661","1,1368","1,1054","1,0754","1,0430","1,0082","0,9748","0,9351","0,8930","0,8221","0,7536","0,6860","0,6201","0,5558","0,4931","0,4320","0,3725","0,3146","0,2583","0,2036","0,1514","0,0995","0,0379","0,0046"
17:00-17:15,"0,0000","0,0000","0,0000","0,0000","0,0000","0,0000","0,0000","0,0000","0,0000","0,0000","0,0000","0,0000","0,0000","0,0000","0,0000","0,0000","0,0000","0,0000","0,0000","0,0000","0,0000","0,0000","0,0000","0,0000","0,0000","0,0000","0,0000","0,0000","0,0000","0,0000","0,0000","0,0000","0,0000","0,0000","0,0000"
17:15-17:30,"0,0000","0,0000","0,0000","0,0000","0,0000","0,0000","0,0000","0,0000","0,0000","0,0000","0,0000","0,0000","0,0000","0,0000","0,0000","0,0000","0,0000","0,0000","0,0000","0,0000","0,0000","0,0000","0,0000","0,0000","0,0000","0,0000","0,0000","0,0000","0,0000","0,0000","0,0000","0,0000","0,0000","0,0000","0,0000"
17:30-17:45,"0,0000","0,0000","0,0000","0,0000","0,0000","0,0000","0,0000","0,0000","0,0000","0,0000","0,0000","0,0000","0,0000","0,0000","0,0000","0,0000","0,0000","0,0000","0,0000","0,0000","0,0000","0,0000","0,0000","0,0000","0,0000","0,0000","0,0000","0,0000","0,0000","0,0000","0,0000","0,0000","0,0000","0,0000","0,0000"
17:45-18:00,"0,0000","0,0000","0,0000","0,0000","0,0000","0,0000","0,0000","0,0000","0,0000","0,0000","0,0000","0,0000","0,0000","0,0000","0,0000","0,0000","0,0000","0,0000","0,0000","0,0000","0,0000","0,0000","0,0000","0,0000","0,0000","0,0000","0,0000","0,0000","0,0000","0,0000","0,0000","0,0000","0,0000","0,0000","0,0000"
18:00-18:15,"1,3504","1,3505","1,3436","1,3344","1,3227","1,3088","1,2925","1,2740","1,2532","1,2301","1,0625","1,1775","1,1479","1,1162","1,0859","1,0531","1,0180","0,9843","0,9441","0,9017","0,8301","0,7610","0,6927","0,6261","0,5612","0,4979","0,4362","0,3761","0,3177","0,2608","0,2056","0,1529","0,1004","0,0383","0,0046"
18:15-18:30,"1,3598","1,3599","1,3530","1,3437","1,3320","1,3179","1,3016","1,2829","1,2619","1,2387","1,0699","1,1857","1,1559","1,1240","1,0935","1,0605","1,0251","0,9912","0,9507","0,9080","0,8359","0,7663","0,6975","0,6305","0,5651","0,5013","0,4392","0,3788","0,3199","0,2627","0,2070","0,1540","0,1011","0,0386","0,0047"
18:30-18:45,"1,3711","1,3712","1,3642","1,3548","1,3430","1,3288","1,3123","1,2935","1,2724","1,2490","1,0788","1,1955","1,1655","1,1333","1,1025","1,0693","1,0336","0,9994","0,9586","0,9155","0,8428","0,7726","0,7033","0,6357","0,5698","0,5055","0,4429","0,3819","0,3226","0,2648","0,2087","0,1553","0,1020","0,0389","0,0047"
18:45-19:00,"1,3873","1,3874","1,3803","1,3708","1,3588","1,3445","1,3278","1,3087","1,2874","1,2637","1,0915","1,2096","1,1792","1,1466","1,1155","1,0819","1,0457","1,0111","0,9699","0,9263","0,8527","0,7817","0,7116","0,6432","0,5765","0,5114","0,4481","0,3864","0,3264","0,2680","0,2112","0,1571","0,1032","0,0394","0,0048"
19:00-19:15,"1,3966","1,3967","1,3896","1,3800","1,3680","1,3535","1,3367","1,3175","1,2960","1,2722","1,0988","1,2177","1,1871","1,1543","1,1230","1,0891","1,0528","1,0179","0,9764","0,9325","0,8584","0,7870","0,7164","0,6475","0,5803","0,5149","0,4511","0,3890","0,3286","0,2698","0,2126","0,1581","0,1039","0,0396","0,0048"
19:15-19:30,"1,4071","1,4072","1,4000","1,3904","1,3783","1,3637","1,3468","1,3275","1,3058","1,2818","1,1071","1,2269","1,1961","1,1630","1,1315","1,0974","1,0607","1,0256","0,9838","0,9395","0,8649","0,7929","0,7218","0,6524","0,5847","0,5188","0,4545","0,3919","0,3310","0,2718","0,2142","0,1593","0,1046","0,0399","0,0048"
19:30-19:45,"1,4176","1,4177","1,4105","1,4007","1,3885","1,3739","1,3568","1,3373","1,3155","1,2913","1,1154","1,2360","1,2050","1,1717","1,1399","1,1055","1,0686","1,0332","0,9911","0,9465","0,8714","0,7988","0,7271","0,6572","0,5891","0,5226","0,4579","0,3949","0,3335","0,2738","0,2158","0,1605","0,1054","0,0402","0,0049"
19:45-20:00,"1,4208","1,4209","1,4137","1,4040","1,3917","1,3770","1,3599","1,3404","1,3185","1,2943","1,1179","1,2389","1,2077","1,1744","1,1425","1,1081","1,0711","1,0356","0,9934","0,9487","0,8734","0,8007","0,7288","0,6588","0,5904","0,5238","0,4589","0,3958","0,3343","0,2745","0,2163","0,1609","0,1057","0,0403","0,0049"
20:00-20:15,"1,4272","1,4273","1,4200","1,4102","1,3979","1,3832","1,3660","1,3464","1,3244","1,3001","1,1229","1,2444","1,2131","1,1796","1,1476","1,1130","1,0758","1,0402","0,9978","0,9529","0,8773","0,8042","0,7321","0,6617","0,5931","0,5262","0,4610","0,3975","0,3358","0,2757","0,2173","0,1616","0,1061","0,0405","0,0049"
20:15-20:30,"1,4419","1,4420","1,4347","1,4248","1,4124","1,3975","1,3801","1,3603","1,3381","1,3135","1,1345","1,2573","1,2257","1,1918","1,1595","1,1245","1,0870","1,0510","1,0081","0,9628","0,8863","0,8125","0,7396","0,6685","0,5992","0,5316","0,4658","0,4016","0,3392","0,2785","0,2195","0,1633","0,1072","0,0409","0,0050"
20:30-20:45,"1,4572","1,4573","1,4498","1,4398","1,4273","1,4122","1,3947","1,3747","1,3522","1,3274","1,1465","1,2705","1,2386","1,2044","1,1717","1,1364","1,0984","1,0621","1,0188","0,9729","0,8957","0,8211","0,7475","0,6756","0,6055","0,5372","0,4707","0,4059","0,3428","0,2815","0,2218","0,1650","0,1084","0,0413","0,0050"
20:45-21:00,"1,4609","1,4610","1,4536","1,4435","1,4310","1,4159","1,3983","1,3782","1,3557","1,3308","1,1494","1,2738","1,2418","1,2075","1,1747","1,1393","1,1013","1,0648","1,0214","0,9754","0,8980","0,8232","0,7494","0,6773","0,6071","0,5386","0,4719","0,4069","0,3437","0,2822","0,2224","0,1654","0,1087","0,0414","0,0050"
21:00-21:15,"1,4650","1,4651","1,4577","1,4476","1,4350","1,4199","1,4022","1,3821","1,3596","1,3346","1,1527","1,2774","1,2453","1,2109","1,1781","1,1425","1,1044","1,0678","1,0243","0,9782","0,9005","0,8256","0,7515","0,6792","0,6088","0,5401","0,4732","0,4081","0,3447","0,2830","0,2230","0,1659","0,1090","0,0416","0,0050"
21:15-21:30,"1,4667","1,4668","1,4594","1,4493","1,4367","1,4215","1,4039","1,3837","1,3611","1,3361","1,1540","1,2789","1,2468","1,2123","1,1794","1,1439","1,1057","1,0691","1,0255","0,9793","0,9016","0,8265","0,7524","0,6800","0,6095","0,5407","0,4738","0,4085","0,3451","0,2833","0,2233","0,1661","0,1091","0,0416","0,0050"
21:30-21:45,"1,4738","1,4739","1,4664","1,4563","1,4436","1,4284","1,4106","1,3904","1,3677","1,3426","1,1596","1,2851","1,2528","1,2182","1,1851","1,1494","1,1110","1,0742","1,0304","0,9840","0,9059","0,8305","0,7560","0,6833","0,6124","0,5434","0,4761","0,4105","0,3467","0,2847","0,2244","0,1669","0,1096","0,0418","0,0051"
21:45-22:00,"1,4810","1,4811","1,4735","1,4634","1,4506","1,4353","1,4175","1,3972","1,3743","1,3491","1,1652","1,2913","1,2589","1,2241","1,1909","1,1550","1,1164","1,0794","1,0354","0,9888","0,9103","0,8345","0,7597","0,6866","0,6154","0,5460","0,4784","0,4125","0,3484","0,2861","0,2255","0,1677","0,1101","0,0420","0,0051"
22:00-22:15,"1,9422","1,9424","1,9325","1,9191","1,9024","1,8823","1,8590","1,8323","1,8024","1,7692","1,5282","1,6935","1,6509","1,6053","1,5618","1,5147","1,4641","1,4156","1,3579","1,2968","1,1938","1,0944","0,9963","0,9005","0,8071","0,7160","0,6274","0,5410","0,4569","0,3752","0,2957","0,2199","0,1444","0,0551","0,0067"
22:15-22:30,"1,9432","1,9433","1,9334","1,9201","1,9033","1,8833","1,8599","1,8332","1,8032","1,7701","1,5289","1,6943","1,6517","1,6061","1,5625","1,5154","1,4648","1,4163","1,3586","1,2974","1,1944","1,0950","0,9967","0,9009","0,8075","0,7164","0,6277","0,5412","0,4572","0,3753","0,2958","0,2200","0,1445","0,0551","0,0067"
22:30-22:45,"1,9343","1,9344","1,9246","1,9113","1,8946","1,8747","1,8514","1,8248","1,7950","1,7620","1,5219","1,6866","1,6442","1,5987","1,5554","1,5085","1,4581","1,4098","1,3524","1,2915","1,1890","1,0900","0,9922","0,8968","0,8038","0,7131","0,6248","0,5388","0,4551","0,3736","0,2945","0,2190","0,1439","0,0549","0,0066"
22:45-23:00,"1,9239","1,9241","1,9143","1,9011","1,8845","1,8646","1,8415","1,8151","1,7854","1,7526","1,5138","1,6776","1,6354","1,5902","1,5471","1,5004","1,4503","1,4023","1,3451","1,2846","1,1826","1,0842","0,9869","0,8920","0,7995","0,7093","0,6214","0,5359","0,4526","0,3716","0,2929","0,2178","0,1431","0,0546","0,0066"
23:00-23:15,"1,9051","1,9052","1,8955","1,8824","1,8660","1,8464","1,8234","1,7973","1,7679","1,7354","1,4989","1,6611","1,6194","1,5746","1,5319","1,4857","1,4361","1,3886","1,3319","1,2720","1,1710","1,0735","0,9772","0,8833","0,7916","0,7024","0,6154","0,5306","0,4482","0,3680","0,2900","0,2157","0,1417","0,0540","0,0065"
23:15-23:30,"1,9076","1,9077","1,8980","1,8849","1,8685","1,8488","1,8258","1,7996","1,7702","1,7377","1,5009","1,6633","1,6215","1,5767","1,5339","1,4877","1,4380","1,3904","1,3337","1,2737","1,1726","1,0749","0,9785","0,8844","0,7927","0,7033","0,6162","0,5313","0,4488","0,3685","0,2904","0,2160","0,1419","0,0541","0,0065"
23:30-23:45,"1,9039","1,9040","1,8943","1,8812","1,8648","1,8452","1,8222","1,7961","1,7668","1,7343","1,4980","1,6600","1,6183","1,5736","1,5309","1,4848","1,4352","1,3877","1,3311","1,2712","1,1703","1,0728","0,9766","0,8827","0,7911","0,7019","0,6150","0,5303","0,4479","0,3678","0,2898","0,2156","0,1416","0,0540","0,0065"
23:45-00:00,"1,8974","1,8975","1,8878","1,8748","1,8585","1,8389","1,8160","1,7900","1,7608","1,7284","1,4929","1,6544","1,6128","1,5682","1,5257","1,4797","1,4303","1,3829","1,3266","1,2668","1,1663","1,0692","0,9733","0,8797","0,7884","0,6995","0,6129","0,5285","0,4464","0,3665","0,2888","0,2148","0,1411","0,0538","0,0065"
